,name,age,shots_total,shots_on_target,touches,pressures,tackles,interceptions,passes,progressive_passes,blocks,xg,npxg,xa,sca,gca,passes_completed,carries,progressive_carries,dribbles_completed,dribbles,fpl_points
0,Aaron-Connolly,21.0,0.5,0.0,8.5,6.75,0.0,0.0,4.5,0.0,0.5,0.1,0.1,0.1,0.5,0.0,3.75,5.5,0.75,0.0,0.25,1.25
1,Aaron-Cresswell,31.6,0.6,0.2,80.6,7.6,1.2,1.2,72.2,5.0,2.0,0.02,0.02,0.06000000000000001,1.0,0.0,57.4,52.0,4.2,0.0,0.4,2.6
2,Aaron-Lennon,34.6,1.0,0.2,15.0,9.8,0.8,0.8,8.4,0.6,2.0,0.06000000000000001,0.06000000000000001,0.0,1.0,0.0,5.8,8.8,1.2,0.4,0.8,1.4
3,Aaron-Wan-Bissaka,23.6,0.6,0.2,69.8,11.8,2.0,3.0,57.6,3.8,2.6,0.02,0.02,0.08,2.2,0.0,49.8,49.4,5.6,2.2,3.6,2.0
4,Abdoulaye-Doucoure,28.8,0.6,0.2,53.8,27.6,2.8,1.0,42.6,3.2,1.2,0.02,0.02,0.04,1.8,0.2,34.4,30.4,3.0,0.2,1.0,1.6
5,Adam-Armstrong,24.4,2.0,0.8,20.2,7.8,0.2,0.6,13.4,1.2,0.4,0.2,0.2,0.02,1.6,0.0,10.2,13.8,2.6,0.6,1.4,1.4
6,Adam-Forshaw,30.0,0.8,0.0,54.4,21.2,2.8,2.2,45.2,3.2,1.2,0.02,0.02,0.06,0.8,0.0,36.0,35.4,3.0,0.8,1.4,2.0
7,Adam-Idah,20.0,0.8,0.0,17.0,8.0,0.6,0.4,9.6,0.2,0.0,0.18,0.18,0.06000000000000001,0.8,0.2,6.4,12.2,1.0,0.6,0.6,2.2
8,Adam-Lallana,33.0,1.0,0.4,50.2,12.2,0.8,1.6,41.8,1.8,1.6,0.02,0.02,0.04,1.4,0.2,38.4,36.4,3.8,0.8,1.2,1.6
9,Adam-Masina,27.4,0.4,0.0,36.4,8.6,1.6,1.8,29.8,1.4,1.4,0.06000000000000001,0.06000000000000001,0.06000000000000001,1.0,0.2,20.6,16.6,1.6,0.8,1.0,2.2
10,Adam-Webster,26.6,0.6,0.0,73.4,5.2,1.0,1.6,61.4,3.0,3.8,0.02,0.02,0.0,0.4,0.0,50.4,41.0,2.8,0.2,0.2,1.2
11,Adama-Traore,25.0,1.6,0.4,24.6,8.6,0.8,0.2,15.6,1.2,0.6,0.18,0.18,0.02,2.0,0.4,10.8,24.4,4.0,3.4,5.0,1.6
12,Ademola-Lookman,24.0,0.4,0.2,24.4,11.4,1.0,0.6,16.8,2.4,1.0,0.04,0.04,0.08,0.6,0.0,13.0,20.4,3.6,0.8,1.6,1.4
13,Ainsley-Maitland-Niles,24.0,0.4,0.0,25.4,7.0,1.2,0.4,19.8,2.2,1.0,0.0,0.0,0.08,1.6,0.0,15.0,15.4,2.0,0.4,1.2,1.4
14,Albert-Sambi-Lokonga,21.8,1.6,0.6,60.2,5.6,0.6,1.4,52.6,3.8,0.4,0.04,0.04,0.02,2.4,0.0,47.4,44.4,7.6,0.0,0.0,1.6
15,Alejandro-Garnacho,17.0,0.0,0.0,1.5,4.5,0.0,0.0,1.5,0.0,0.0,0.0,0.0,0.0,0.0,0.0,1.5,1.5,0.0,0.0,0.0,1.0
16,Alex-Iwobi,25.2,0.8,0.2,36.6,20.8,1.6,1.4,25.4,2.6,2.4,0.06000000000000001,0.06000000000000001,0.02,2.4,0.2,19.4,24.6,3.6,1.2,2.2,2.6
17,Alex-Kral,23.0,0.0,0.0,2.0,2.0,0.0,0.0,2.0,0.0,0.0,0.0,0.0,0.0,0.0,0.0,0.0,1.0,0.0,0.0,0.0,1.0
18,Alex-Oxlade-Chamberlain,28.0,1.4,0.4,22.6,10.2,0.6,0.0,17.6,1.6,0.6,0.08,0.08,0.04,1.4,0.0,12.6,17.4,3.6,0.6,0.8,2.2
19,Alex-Telles,29.0,1.0,0.2,59.8,9.6,2.0,2.0,51.4,3.4,0.6,0.06000000000000001,0.06000000000000001,0.1,2.0,0.4,38.4,38.6,4.2,0.8,1.2,2.4
20,Alexandre-Lacazette,30.0,0.8,0.6,24.6,16.0,1.0,0.6,18.6,1.6,0.6,0.22000000000000003,0.22000000000000003,0.04,1.6,0.2,13.2,15.4,1.0,0.4,1.0,2.2
21,Alexis-Mac-Allister,22.6,0.6,0.0,25.6,9.4,1.4,0.0,21.4,2.0,1.0,0.02,0.02,0.02,0.6,0.0,17.8,16.6,1.8,0.4,0.4,1.0
22,Allan,30.8,0.6,0.0,51.6,26.2,3.8,1.6,41.8,3.8,2.4,0.02,0.02,0.04,0.8,0.0,35.6,35.6,6.2,0.6,0.6,1.4
23,Allan-Saint-Maximin,24.4,0.8,0.4,30.0,5.2,0.4,0.4,20.6,1.8,0.4,0.08,0.08,0.2,2.0,0.4,15.8,28.8,6.2,3.6,5.0,3.0
24,Andre-Gomes,28.0,1.4,0.4,32.4,15.6,1.2,1.2,23.2,1.8,1.2,0.08,0.08,0.02,1.0,0.0,18.2,21.4,1.2,1.0,1.6,1.4
25,Andreas-Christensen,25.0,0.0,0.0,81.2,6.4,1.0,4.0,71.0,4.0,1.8,0.0,0.0,0.0,0.4,0.0,65.8,53.4,3.6,0.0,0.0,1.8
26,Andrew-Omobamidele,19.0,0.4,0.2,55.2,9.8,1.6,2.0,45.2,2.6,2.0,0.06000000000000001,0.06000000000000001,0.0,0.0,0.0,39.2,32.4,3.2,0.0,0.0,2.4
27,Andrew-Robertson,27.2,0.2,0.0,97.0,8.4,0.6,1.4,89.0,8.0,1.6,0.0,0.0,0.26000000000000006,4.6,0.8,74.2,70.6,8.0,0.8,2.2,3.0
28,Andriy-Yarmolenko,31.4,0.4,0.0,8.4,3.8,0.4,0.0,6.4,0.6,0.4,0.02,0.02,0.0,0.4,0.0,4.8,5.6,0.0,0.2,0.4,1.0
29,Andros-Townsend,30.0,1.0,0.6,34.0,14.6,1.2,1.4,24.2,2.2,1.6,0.06000000000000001,0.06000000000000001,0.12,2.6,0.4,17.2,25.2,4.8,0.6,1.0,2.8
30,Angelo-Ogbonna,33.0,0.0,0.0,49.6,4.2,1.4,1.2,42.2,1.0,0.4,0.0,0.0,0.0,0.2,0.2,36.6,33.4,1.0,0.0,0.0,2.0
31,Anthony-Elanga,19.2,1.8,0.2,35.6,16.2,1.0,1.4,24.6,1.4,2.0,0.26,0.26,0.1,0.4,0.0,19.0,24.4,4.6,1.4,2.8,1.8
32,Anthony-Gordon,20.8,1.4,0.0,44.4,22.4,2.6,1.4,29.4,2.4,1.6,0.15999999999999998,0.15999999999999998,0.22000000000000003,3.6,0.0,21.8,29.4,5.4,2.6,4.0,1.8
33,Anthony-Martial,25.2,1.0,0.4,15.8,4.6,0.2,0.2,12.6,0.8,0.4,0.1,0.1,0.0,0.4,0.2,10.0,12.6,2.8,0.6,0.6,1.8
34,Antonio-Rudiger,28.2,1.6,0.4,83.8,12.2,2.2,0.8,71.0,4.8,2.4,0.04,0.04,0.0,0.4,0.0,62.8,56.0,3.8,0.4,0.4,2.6
35,Anwar-El-Ghazi,26.0,0.4,0.0,10.8,3.0,0.0,0.6,6.6,0.4,0.4,0.16,0.02,0.0,0.4,0.0,5.0,6.4,1.2,0.0,1.0,2.0
36,Armando-Broja,20.0,0.8,0.6,22.8,13.0,0.0,0.6,14.2,1.0,1.0,0.18000000000000002,0.18000000000000002,0.0,1.4,0.0,8.2,14.8,3.2,1.6,2.6,2.6
37,Arthur-Masuaku,28.0,0.6,0.2,45.4,12.8,2.8,1.4,36.0,2.2,1.2,0.02,0.02,0.0,0.6,0.2,28.4,29.8,2.8,0.8,1.0,2.0
38,Ashley-Barnes,32.0,0.6,0.2,20.4,9.4,0.4,0.4,14.0,2.2,0.6,0.18,0.02,0.16,1.2,0.0,9.6,12.6,1.8,0.2,0.2,2.2
39,Ashley-Fletcher,26.0,0.6666666666666666,0.3333333333333333,5.0,3.0,0.6666666666666666,0.0,3.0,0.3333333333333333,0.3333333333333333,0.13333333333333333,0.13333333333333333,0.0,0.6666666666666666,0.0,1.0,2.3333333333333335,0.3333333333333333,0.0,0.3333333333333333,1.0
40,Ashley-Westwood,31.2,0.4,0.0,39.4,12.6,0.6,0.4,33.8,3.4,1.6,0.0,0.0,0.1,1.2,0.0,24.0,16.8,0.8,0.2,0.4,1.8
41,Ashley-Young,36.0,0.2,0.2,37.6,5.2,1.4,0.8,31.8,1.8,0.6,0.0,0.0,0.02,0.4,0.0,26.2,23.6,3.8,0.0,0.2,1.6
42,Axel-Tuanzebe,23.2,0.0,0.0,26.2,5.0,0.8,1.2,23.2,0.8,0.2,0.0,0.0,0.0,0.2,0.0,20.4,16.6,0.4,0.0,0.0,1.4
43,Aymeric-Laporte,27.0,0.6,0.0,95.0,5.2,1.0,0.8,88.0,7.0,1.2,0.02,0.02,0.0,0.8,0.2,82.2,68.4,13.4,0.0,0.2,2.0
44,Ayoze-Perez,28.0,0.8,0.4,16.6,8.8,0.6,0.4,10.4,1.6,1.2,0.08,0.08,0.1,1.0,0.2,8.4,10.6,1.8,0.4,1.2,3.4
45,Bali-Mumba,19.0,0.0,0.0,19.0,12.0,1.0,1.0,10.0,1.0,2.0,0.0,0.0,0.0,0.0,0.0,7.0,9.0,1.0,0.0,1.0,1.0
46,Ben-Chilwell,24.2,1.6,1.0,56.8,12.2,1.8,1.0,46.6,1.4,1.2,0.22000000000000003,0.22000000000000003,0.13999999999999999,2.6,0.2,34.2,29.0,3.0,0.4,0.6,4.0
47,Ben-Davies,28.0,0.4,0.2,60.0,10.8,1.0,0.8,52.4,3.0,1.6,0.12,0.12,0.08,1.0,0.2,41.0,33.4,6.2,0.0,0.2,2.6
48,Ben-Gibson,28.2,0.2,0.2,72.4,7.8,1.0,1.0,63.0,5.0,2.4,0.0,0.0,0.0,1.0,0.0,53.4,47.6,5.6,0.0,0.0,1.8
49,Ben-Godfrey,23.4,0.4,0.2,50.6,14.2,3.0,1.2,38.4,1.8,2.6,0.0,0.0,0.02,1.2,0.2,30.0,25.2,1.0,0.4,0.6,1.8
50,Ben-Johnson,21.6,0.6,0.2,48.8,7.0,1.2,1.0,39.6,1.8,2.4,0.0,0.0,0.1,1.0,0.0,29.4,26.0,1.0,0.2,0.4,2.6
51,Ben-Mee,31.8,0.4,0.2,46.0,5.6,2.2,1.4,32.2,1.8,2.8,0.08,0.08,0.0,0.0,0.0,21.2,18.4,1.2,0.2,0.4,2.4
52,Ben-White,23.8,0.0,0.0,55.2,7.4,1.2,1.4,47.2,3.4,1.2,0.0,0.0,0.0,0.8,0.0,40.4,33.2,3.0,0.2,0.4,1.8
53,Benjamin-Mendy,27.0,0.0,0.0,94.0,12.0,3.0,0.0,87.0,8.0,0.0,0.0,0.0,0.3,4.0,0.0,73.0,69.0,8.0,1.0,2.0,2.0
54,Bernardo-Silva,27.0,2.0,1.2,60.2,16.8,2.2,1.8,47.6,1.4,0.8,0.22000000000000003,0.22000000000000003,0.1,3.8,0.2,40.2,43.6,10.2,1.2,3.0,3.4
55,Bertrand-Traore,26.0,0.4,0.2,15.2,2.6,0.2,0.0,10.4,0.6,0.0,0.02,0.02,0.0,1.0,0.0,7.6,12.6,1.8,0.6,2.0,1.2
56,Billy-Gilmour,20.0,1.0,0.2,62.4,23.2,1.6,1.0,54.6,5.4,1.2,0.02,0.02,0.04,2.6,0.0,42.8,39.2,5.4,0.6,0.8,1.6
57,Boubakary-Soumare,22.0,0.4,0.0,42.0,17.0,2.0,1.4,31.8,2.0,0.2,0.04,0.04,0.0,0.8,0.2,26.6,30.0,2.0,0.8,1.6,2.2
58,Brandon-Williams,21.0,0.2,0.0,66.0,15.4,3.6,2.8,53.6,4.2,2.8,0.02,0.02,0.13999999999999999,1.6,0.0,43.0,42.0,5.2,0.4,0.8,1.4
59,Bruno-Fernandes,27.0,2.6,1.2,73.4,18.6,1.6,1.8,62.2,5.8,0.8,0.26,0.26,0.34,3.8,0.2,46.4,48.0,6.2,0.8,1.6,3.8
60,Bruno-Guimaraes,24.0,1.8,0.8,42.2,18.2,2.0,1.2,28.6,1.4,2.6,0.13999999999999999,0.13999999999999999,0.08,1.8,0.2,24.2,32.2,2.8,1.8,2.8,3.0
61,Bryan,20.0,0.0,0.0,9.8,5.4,0.6,0.0,6.6,0.4,0.4,0.0,0.0,0.0,0.2,0.2,5.6,7.6,1.4,0.4,0.6,1.0
62,Bryan-Mbeumo,22.0,1.6,0.2,34.2,20.0,0.8,0.2,24.2,1.2,1.2,0.24000000000000005,0.24000000000000005,0.2,2.6,0.6,15.8,19.6,3.2,2.2,3.2,3.2
63,Bukayo-Saka,19.8,3.0,1.0,41.8,10.6,0.8,1.2,29.4,1.4,1.0,0.36,0.36,0.1,4.0,0.4,21.6,27.8,6.6,1.4,3.0,3.6
64,CJ-Egan-Riley,19.0,0.0,0.0,1.0,0.0,1.0,0.0,1.0,0.0,0.0,0.0,0.0,0.0,0.0,0.0,1.0,1.0,0.0,0.0,0.0,1.0
65,Caglar-Soyuncu,25.0,0.4,0.0,77.6,6.2,1.4,1.2,68.0,1.2,1.2,0.08,0.08,0.0,0.8,0.0,56.8,50.8,2.4,0.4,0.4,2.0
66,Callum-Hudson-Odoi,21.0,0.8,0.2,32.0,9.6,0.6,0.8,25.0,1.8,1.4,0.06000000000000001,0.06000000000000001,0.04,2.6,0.4,19.0,26.8,6.0,1.4,2.0,2.0
67,Callum-Wilson,29.2,2.6,1.0,22.6,11.0,0.8,0.2,11.8,1.0,0.6,0.7,0.42000000000000004,0.08,1.6,0.0,9.2,14.2,2.0,0.6,1.2,5.6
68,Calum-Chambers,26.8,0.6,0.0,56.8,11.8,1.8,1.2,47.6,3.6,2.6,0.04,0.04,0.04,1.4,0.2,39.8,31.0,2.0,0.0,0.0,1.8
69,Cameron-Archer,20.0,0.3333333333333333,0.0,4.0,1.3333333333333333,0.0,0.3333333333333333,1.6666666666666667,1.0,0.0,0.0,0.0,0.0,0.0,0.0,1.6666666666666667,2.3333333333333335,0.0,0.3333333333333333,0.6666666666666666,1.0
70,Carney-Chukwuemeka,17.8,0.4,0.0,17.0,7.0,0.6,0.4,12.6,0.4,0.4,0.02,0.02,0.02,0.6,0.0,10.4,13.6,2.2,0.4,0.8,1.0
71,Cedric-Soares,30.0,0.2,0.0,39.4,4.4,1.0,0.4,36.2,1.6,0.6,0.0,0.0,0.02,0.8,0.0,28.6,23.4,2.0,0.2,0.4,1.4
72,Cenk-Tosun,30.0,0.0,0.0,3.0,1.0,0.0,0.0,2.0,0.0,0.0,0.0,0.0,0.0,0.0,0.0,2.0,2.0,0.0,0.0,0.0,1.0
73,Cesar-Azpilicueta,31.8,0.8,0.0,78.8,9.8,1.6,0.6,72.4,7.2,1.6,0.02,0.02,0.04,1.4,0.6,60.8,54.8,9.6,0.4,0.8,2.0
74,Charlie-Cresswell,18.4,0.2,0.0,24.0,5.8,1.4,0.8,19.2,1.0,0.4,0.02,0.02,0.0,0.2,0.0,14.4,14.4,0.6,0.2,0.2,1.0
75,Charlie-Goode,26.0,0.4,0.0,50.8,5.4,1.4,0.8,44.2,1.2,1.0,0.02,0.02,0.02,1.6,0.0,26.8,24.6,1.6,1.0,1.4,1.4
76,Charlie-Taylor,28.0,0.4,0.0,48.8,6.6,1.4,2.4,35.6,1.4,3.0,0.0,0.0,0.06000000000000001,0.8,0.0,25.6,25.8,4.6,0.4,1.6,1.6
77,Che-Adams,25.0,1.4,0.6,23.2,9.0,0.2,0.2,15.2,1.0,0.4,0.18,0.18,0.04,1.0,0.0,11.6,15.6,2.0,0.4,1.0,2.4
78,Cheikhou-Kouyate,31.6,0.2,0.0,42.8,11.2,1.6,1.8,32.8,1.2,2.2,0.0,0.0,0.0,0.2,0.0,28.6,23.4,1.2,0.0,0.4,1.6
79,Chem-Campbell,19.0,0.0,0.0,12.0,1.0,1.0,0.0,10.0,0.0,0.0,0.0,0.0,0.0,0.0,0.0,9.0,6.0,0.0,0.0,0.0,1.0
80,Chiquinho,22.0,0.8,0.2,18.8,8.0,1.4,0.4,12.8,1.2,0.6,0.08,0.08,0.06,0.8,0.4,8.4,12.4,1.8,0.8,1.2,2.4
81,Chris-Wood,30.0,1.2,0.6,31.4,14.6,0.2,0.6,22.4,1.0,1.2,0.13999999999999999,0.13999999999999999,0.12000000000000002,1.2,0.0,12.2,11.2,0.8,0.2,0.4,2.6
82,Christian-Benteke,30.6,0.6,0.0,14.2,2.6,0.2,0.2,9.6,0.6,0.4,0.02,0.02,0.06000000000000001,0.6,0.2,6.2,7.2,0.6,0.4,0.8,1.8
83,Christian-Eriksen,30.0,1.6,0.4,57.6,17.4,1.6,1.0,47.6,5.4,1.2,0.16,0.16,0.34,5.4,0.6,34.0,32.4,3.6,0.6,1.8,3.8
84,Christian-Kabasele,30.8,0.0,0.0,25.0,4.2,0.6,0.8,17.0,1.4,2.0,0.0,0.0,0.0,0.2,0.0,12.8,11.2,0.4,0.0,0.0,1.6
85,Christian-Norgaard,27.2,1.8,0.4,54.6,22.4,3.8,2.4,42.8,4.6,1.6,0.21999999999999997,0.21999999999999997,0.1,1.2,0.2,33.2,27.6,1.8,0.6,0.6,2.8
86,Christian-Pulisic,22.8,1.0,0.8,28.8,16.6,0.4,0.4,20.0,1.2,0.4,0.3,0.3,0.0,1.2,0.0,14.4,22.2,4.0,1.2,2.4,3.4
87,Christoph-Zimmermann,29.0,0.6666666666666666,0.3333333333333333,26.666666666666668,8.0,1.6666666666666667,1.0,22.0,1.0,0.0,0.0,0.0,0.0,0.0,0.0,16.0,14.666666666666666,1.0,0.3333333333333333,0.6666666666666666,1.0
88,Christos-Tzolis,19.0,1.0,0.4,11.4,4.6,0.6,0.0,8.0,0.6,0.0,0.1,0.1,0.16,1.4,0.0,6.4,9.0,2.2,0.0,0.6,1.2
89,Ciaran-Clark,31.6,0.6,0.0,35.4,7.4,1.6,0.8,28.2,0.6,1.0,0.06,0.06,0.0,0.4,0.0,20.4,19.0,1.2,0.0,0.2,1.6
90,Cody-Drameh,19.666666666666668,0.0,0.0,31.333333333333332,9.666666666666666,2.0,1.0,25.666666666666668,2.0,0.6666666666666666,0.0,0.0,0.0,0.6666666666666666,0.0,20.0,15.0,3.0,0.6666666666666666,1.3333333333333333,1.0
91,Cole-Palmer,19.0,1.0,0.25,19.0,7.25,0.5,0.5,13.25,1.25,0.5,0.075,0.075,0.05,1.75,0.25,11.25,14.25,1.75,0.25,0.75,1.25
92,Connor-Roberts,26.0,0.6,0.6,51.6,7.6,1.4,2.4,42.0,3.0,1.6,0.02,0.02,0.12,1.2,0.0,30.4,28.8,3.2,0.4,0.6,1.8
93,Conor-Coady,28.2,0.2,0.2,52.0,4.8,1.2,0.4,44.4,0.8,1.4,0.12,0.12,0.0,0.0,0.0,39.6,31.6,1.0,0.0,0.0,2.8
94,Conor-Gallagher,21.8,1.0,0.4,40.6,19.6,1.4,0.8,29.2,1.8,2.4,0.12000000000000002,0.12000000000000002,0.12000000000000002,1.6,0.2,22.8,23.4,2.2,0.8,1.8,3.0
95,Craig-Cathcart,32.6,0.0,0.0,33.6,6.2,0.8,1.0,27.6,2.0,0.6,0.0,0.0,0.0,0.0,0.0,21.8,14.6,0.2,0.0,0.0,2.4
96,Craig-Dawson,31.0,0.4,0.0,47.4,6.2,0.8,0.8,36.6,1.4,2.2,0.02,0.02,0.0,0.4,0.0,30.8,22.0,2.4,0.0,0.0,1.6
97,Cristian-Romero,23.0,0.2,0.2,71.8,12.6,4.2,2.4,63.6,3.0,1.0,0.02,0.02,0.0,0.6,0.0,58.4,51.0,3.0,0.2,0.4,1.4
98,Cristiano-Ronaldo,36.6,4.2,1.8,31.8,4.4,0.2,0.2,21.8,1.8,0.6,0.6,0.6,0.28,3.2,0.8,18.6,21.2,2.8,1.2,2.2,4.8
99,Crysencio-Summerville,19.4,0.2,0.0,13.0,3.2,0.4,1.0,9.8,1.2,0.4,0.04,0.04,0.0,0.4,0.0,7.0,10.4,2.0,0.6,1.2,1.0
100,Cucho,22.0,1.6,0.4,28.4,9.4,0.6,1.0,21.4,1.8,0.6,0.08,0.08,0.16,3.0,0.4,13.2,18.8,2.6,1.8,3.2,2.6
101,Curtis-Jones,20.4,1.4,0.6,35.8,9.8,0.8,0.8,29.0,0.6,0.0,0.06000000000000001,0.06000000000000001,0.0,1.0,0.4,24.8,30.4,4.0,1.2,2.4,2.2
102,Dale-Stephens,32.0,0.3333333333333333,0.0,24.666666666666668,13.666666666666666,2.3333333333333335,0.6666666666666666,19.0,1.0,1.3333333333333333,0.0,0.0,0.0,0.6666666666666666,0.0,14.666666666666666,10.666666666666666,0.0,0.0,0.0,1.0
103,Dan-Burn,29.2,0.4,0.0,48.4,9.2,1.4,2.2,33.4,1.6,2.4,0.02,0.02,0.02,0.4,0.2,25.0,18.8,0.4,0.0,0.0,2.6
104,Dan-Gosling,31.75,0.5,0.25,21.25,7.0,0.5,0.25,16.75,1.0,0.25,0.05,0.05,0.0,0.5,0.0,14.25,11.75,0.25,0.0,0.0,2.25
105,Dane-Scarlett,17.0,0.0,0.0,1.0,2.0,0.0,0.0,1.0,0.0,0.0,0.0,0.0,0.0,0.0,0.0,1.0,2.0,0.0,1.0,1.0,1.0
106,Daniel-Amartey,26.4,0.0,0.0,50.2,5.6,1.2,1.0,42.0,1.6,1.6,0.0,0.0,0.02,1.0,0.0,39.2,34.4,2.0,0.0,0.0,1.6
107,Daniel-Chesters,19.0,0.0,0.0,0.0,0.0,0.0,0.0,0.0,0.0,0.0,0.0,0.0,0.0,0.0,0.0,0.0,0.0,0.0,0.0,0.0,1.0
108,Daniel-James,23.6,2.0,0.4,25.2,17.4,0.6,0.8,17.2,1.2,0.6,0.16,0.16,0.08,1.8,0.0,11.4,17.2,4.4,0.2,0.8,2.2
109,Daniel-Podence,25.6,1.2,0.2,34.2,11.8,1.0,0.2,26.6,2.6,0.4,0.06000000000000001,0.06000000000000001,0.2,1.6,0.4,18.8,27.0,5.0,1.2,2.6,2.4
110,Danny-Ings,29.0,2.0,1.4,17.4,11.2,0.8,0.4,11.0,0.8,0.2,0.36,0.36,0.08,0.8,0.4,7.0,9.8,1.4,0.0,1.0,6.2
111,Danny-Rose,31.0,0.6,0.2,48.4,10.0,2.6,1.8,38.4,3.8,1.6,0.02,0.02,0.1,0.8,0.0,24.2,19.0,3.0,0.6,1.4,1.6
112,Danny-Welbeck,31.0,1.8,1.0,17.8,11.0,0.4,0.2,10.6,0.6,0.2,0.26000000000000006,0.26000000000000006,0.06,1.4,0.2,8.6,10.2,1.2,0.4,1.0,3.8
113,Davinson-Sanchez,25.0,0.4,0.2,66.2,10.6,1.6,2.0,56.8,2.6,2.4,0.1,0.1,0.04,0.8,0.0,49.8,39.6,6.8,0.2,0.4,2.8
114,Declan-Rice,22.4,1.0,0.4,68.0,12.8,0.8,2.0,59.4,4.8,1.8,0.04,0.04,0.06000000000000001,3.0,0.2,54.4,49.6,8.2,0.8,1.8,1.8
115,Dejan-Kulusevski,21.2,1.6,0.0,44.0,19.6,1.6,2.2,34.0,3.2,0.8,0.08,0.08,0.42000000000000004,3.2,1.2,29.4,32.8,8.8,1.2,3.2,3.6
116,Dele-Alli,25.4,0.0,0.0,20.6,7.8,1.6,0.8,14.6,1.2,0.2,0.0,0.0,0.02,1.0,0.2,11.8,14.2,0.6,0.0,0.4,0.6
117,Demarai-Gray,25.0,1.2,0.0,24.4,7.8,0.0,0.4,18.2,1.8,1.0,0.06000000000000001,0.06000000000000001,0.16,2.2,0.6,14.6,18.6,3.8,1.2,2.0,2.8
118,Diego-Llorente,28.0,0.2,0.0,49.8,11.4,2.4,2.6,39.6,1.4,2.2,0.02,0.02,0.0,0.2,0.0,31.4,27.8,1.4,0.4,0.4,1.4
119,Dimitris-Giannoulis,25.8,0.0,0.0,38.0,10.6,1.4,1.4,30.4,2.2,2.2,0.0,0.0,0.04,1.0,0.2,21.8,22.2,2.4,0.4,1.2,1.8
120,Diogo-Dalot,22.4,0.2,0.0,70.2,12.0,3.2,1.8,60.0,5.2,1.6,0.0,0.0,0.04,2.2,0.0,46.0,41.0,4.6,0.8,1.2,1.8
121,Diogo-Jota,24.6,3.2,1.4,30.0,11.8,1.0,0.2,20.0,2.0,0.2,0.82,0.82,0.2,2.2,0.2,14.6,25.2,4.0,1.8,3.0,6.0
122,Divock-Origi,26.4,1.4,0.4,11.0,5.2,0.0,0.6,6.0,0.4,0.4,0.27999999999999997,0.27999999999999997,0.0,0.2,0.2,4.8,7.2,0.6,0.2,0.6,2.6
123,Dominic-Calvert-Lewin,24.6,1.6,0.6,23.6,9.6,0.2,0.0,14.4,0.8,0.6,0.16,0.16,0.04,1.4,0.2,8.4,10.2,0.0,0.2,0.4,3.2
124,Dominic-Thompson,21.0,0.5,0.0,28.0,8.0,1.5,1.5,20.5,0.5,1.0,0.0,0.0,0.0,0.5,0.0,10.5,16.0,0.0,0.0,0.5,2.0
125,Donny-van-de-Beek,24.0,0.8,0.0,39.2,14.4,2.2,1.6,30.6,0.8,1.2,0.04,0.04,0.0,0.8,0.0,24.4,21.6,1.0,1.0,1.4,1.4
126,Douglas-Luiz,23.2,1.2,0.4,65.2,14.0,1.2,2.0,56.2,2.6,1.4,0.13999999999999999,0.13999999999999999,0.02,2.4,0.6,47.8,36.0,3.2,0.4,0.8,2.6
127,Dwight-Gayle,30.8,0.2,0.0,2.8,2.6,0.0,0.2,1.4,0.2,0.0,0.0,0.0,0.0,0.2,0.0,1.2,2.0,0.4,0.0,0.2,0.8
128,Dwight-McNeil,22.0,0.8,0.2,42.2,18.2,1.4,2.6,31.8,2.8,2.4,0.02,0.02,0.13999999999999999,2.8,0.4,22.6,30.8,6.0,2.4,3.8,2.0
129,Eberechi-Eze,23.0,0.8,0.2,34.8,8.4,1.2,0.4,26.8,3.6,0.4,0.06000000000000001,0.06000000000000001,0.1,1.6,0.2,20.8,25.2,3.2,1.2,2.4,3.0
130,Eddie-Nketiah,22.0,2.6,1.4,27.2,10.0,0.6,0.4,16.6,0.4,0.2,0.42000000000000004,0.42000000000000004,0.02,1.0,0.4,12.8,17.0,2.6,0.2,1.4,3.2
131,Edinson-Cavani,34.2,1.6,0.6,25.4,11.2,0.4,0.6,19.6,0.8,1.0,0.3,0.3,0.06000000000000001,1.0,0.0,15.2,14.4,1.0,0.0,0.0,2.6
132,Edo-Kayembe,23.0,0.4,0.0,25.4,7.4,0.6,1.0,20.4,2.0,0.2,0.02,0.02,0.0,0.4,0.0,16.8,18.0,3.2,0.0,0.6,1.4
133,Ellis-Simms,20.0,0.0,0.0,19.0,10.0,0.0,0.0,15.0,0.0,2.0,0.0,0.0,0.0,1.0,0.0,8.0,8.0,1.0,0.0,0.0,2.0
134,Emerson,22.6,0.8,0.2,51.6,11.0,2.4,1.0,43.8,1.6,2.0,0.1,0.1,0.08,1.4,0.2,37.8,32.4,3.2,0.6,0.6,1.6
135,Emerson-Palmieri,27.0,0.0,0.0,2.0,0.0,0.0,0.0,2.0,0.0,0.0,0.0,0.0,0.0,0.0,0.0,1.0,2.0,0.0,0.0,0.0,1.0
136,Emi-Buendia,24.6,1.8,0.4,40.6,10.2,1.4,0.8,30.6,4.6,0.2,0.15999999999999998,0.15999999999999998,0.25999999999999995,2.8,0.2,25.0,26.6,4.6,0.4,1.4,3.8
137,Emil-Krafth,27.0,0.6,0.0,55.2,13.8,1.8,2.8,44.4,3.8,2.4,0.04,0.04,0.0,0.6,0.0,31.8,26.8,4.4,0.2,0.2,2.0
138,Emile-Smith-Rowe,21.0,1.2,0.8,24.6,5.4,0.2,0.4,20.2,2.8,0.4,0.2,0.2,0.13999999999999999,2.4,0.2,18.0,16.8,3.8,1.0,1.4,3.0
139,Emmanuel-Dennis,23.8,1.2,1.0,37.6,16.6,1.6,0.6,21.4,1.6,1.4,0.19999999999999998,0.19999999999999998,0.18000000000000002,3.8,0.6,14.2,28.2,4.8,3.0,5.8,5.0
140,Enock-Mwepu,23.6,0.8,0.4,26.6,12.0,0.8,0.8,18.6,1.2,1.4,0.06000000000000001,0.06000000000000001,0.06,0.8,0.6,14.8,19.0,2.8,1.0,1.6,1.8
141,Eric-Bailly,27.0,0.0,0.0,28.25,5.25,2.0,2.0,20.0,0.75,1.25,0.0,0.0,0.0,0.25,0.0,16.0,15.5,1.25,0.0,0.5,0.75
142,Eric-Dier,27.6,0.0,0.0,70.2,6.0,1.4,1.6,61.4,2.8,1.8,0.0,0.0,0.0,0.4,0.0,53.8,43.4,2.8,0.0,0.2,2.0
143,Erik-Pieters,33.0,0.8,0.0,44.2,14.0,2.6,2.4,33.4,2.6,2.2,0.0,0.0,0.16,0.8,0.2,23.2,17.4,2.2,0.2,0.6,2.0
144,Ethan-Pinnock,28.0,0.4,0.4,52.0,9.4,1.0,1.4,43.2,1.6,1.4,0.13999999999999999,0.13999999999999999,0.08,0.8,0.2,32.6,21.0,0.8,0.4,0.4,3.2
145,Evan-Ferguson,17.0,0.0,0.0,9.0,1.0,0.0,0.0,7.0,0.0,0.0,0.0,0.0,0.0,0.0,0.0,6.0,4.0,0.0,0.0,0.0,1.0
146,Ezri-Konsa,23.6,0.4,0.2,37.2,5.6,0.8,1.2,29.4,0.8,0.4,0.0,0.0,0.04,0.4,0.0,25.4,23.0,1.4,0.2,0.4,1.6
147,Fabian-Delph,31.6,0.2,0.0,36.4,13.4,1.8,2.4,28.4,3.8,1.8,0.0,0.0,0.0,0.4,0.0,23.4,22.6,1.6,0.8,1.0,1.0
148,Fabian-Schar,29.8,0.6,0.4,52.4,6.8,0.8,2.6,40.8,1.8,1.6,0.06000000000000001,0.06000000000000001,0.1,1.4,0.6,31.2,27.4,2.2,0.6,0.8,3.2
149,Fabinho,27.8,0.2,0.0,77.8,14.2,2.4,2.8,68.0,5.0,2.0,0.02,0.02,0.22000000000000003,1.8,0.2,60.6,54.8,3.6,0.4,0.4,2.6
150,Fabio-Silva,19.0,0.8,0.0,11.2,8.0,0.2,0.0,7.0,0.6,0.0,0.06000000000000001,0.06000000000000001,0.02,0.6,0.0,4.4,6.8,1.4,0.4,1.4,1.4
151,Federico-Fernandez,32.0,0.8,0.0,39.2,4.2,0.0,1.8,32.6,1.2,1.2,0.04,0.04,0.06,0.4,0.2,29.2,26.6,0.0,0.0,0.0,1.8
152,Fernandinho,36.2,1.6,0.2,62.2,8.0,2.4,1.2,52.8,4.4,0.8,0.1,0.1,0.12,2.2,0.0,46.4,45.0,2.8,0.2,0.2,1.8
153,Fernando-Marcal,32.2,0.0,0.0,57.4,15.6,1.8,1.6,46.6,2.6,3.0,0.0,0.0,0.06000000000000001,0.6,0.0,34.8,33.0,4.6,0.4,0.6,1.8
154,Ferran-Torres,21.0,3.25,1.0,26.0,9.5,0.25,0.25,18.0,0.5,1.5,0.6000000000000001,0.6000000000000001,0.0,1.25,0.5,13.75,18.0,0.5,1.0,1.25,4.75
155,Finley-Stevens,18.0,0.0,0.0,10.0,5.0,2.0,0.0,8.0,2.0,0.0,0.0,0.0,0.0,1.0,0.0,5.0,4.0,0.0,0.0,0.0,1.0
156,Folarin-Balogun,20.0,1.5,0.0,11.5,10.5,0.0,0.0,4.0,0.0,0.5,0.15,0.15,0.0,0.0,0.0,2.0,8.0,0.5,0.0,1.0,1.0
157,Francisco-Sierralta,24.0,0.2,0.2,48.8,4.8,1.2,2.8,33.8,0.6,1.8,0.0,0.0,0.0,0.2,0.0,28.6,24.2,0.2,0.2,0.2,1.6
158,Francisco-Trincao,21.4,0.6,0.2,10.4,5.4,0.2,0.6,6.8,0.4,0.2,0.02,0.02,0.0,1.0,0.0,4.8,8.8,1.2,1.0,2.2,1.2
159,Frank-Onyeka,23.0,0.6,0.0,26.0,13.6,1.2,1.0,17.0,1.4,1.0,0.08,0.08,0.02,0.6,0.2,13.8,13.6,1.2,0.6,1.0,1.4
160,Fred,28.2,0.4,0.2,70.0,27.0,4.2,1.2,57.4,4.4,1.4,0.0,0.0,0.08,3.0,0.4,50.4,46.6,3.2,0.2,0.8,2.4
161,Gabriel-Dos-Santos,23.6,1.0,0.6,53.6,5.2,1.0,1.0,45.2,2.2,1.4,0.06000000000000001,0.06000000000000001,0.0,0.4,0.0,40.0,35.2,3.8,0.0,0.0,3.0
162,Gabriel-Jesus,24.4,1.2,0.6,17.2,4.6,0.6,0.6,12.6,1.4,0.0,0.42000000000000004,0.28,0.06,1.8,1.0,10.6,12.4,2.0,0.4,0.6,5.2
163,Giovani-Lo-Celso,25.0,1.2,0.0,25.0,7.8,1.4,0.2,18.4,1.0,1.0,0.1,0.1,0.06000000000000001,1.2,0.0,14.6,17.2,3.2,0.6,1.0,1.2
164,Granit-Xhaka,28.8,1.2,0.2,73.6,13.6,3.0,2.4,63.0,7.6,1.6,0.06000000000000001,0.06000000000000001,0.15999999999999998,3.0,0.2,56.0,52.2,5.8,0.2,0.4,2.2
165,Grant-Hanley,29.8,1.0,0.2,57.6,9.2,1.8,2.2,47.2,1.2,1.6,0.06000000000000001,0.06000000000000001,0.0,0.4,0.0,40.6,33.4,0.6,0.0,0.0,2.0
166,Hakim-Ziyech,28.2,1.0,0.6,38.2,10.4,0.8,1.0,29.4,2.0,0.4,0.16,0.16,0.26,1.8,0.4,22.0,29.2,3.2,1.6,3.0,2.8
167,Hamza-Choudhury,24.0,0.0,0.0,25.2,6.8,1.2,2.0,19.6,1.0,0.6,0.0,0.0,0.0,0.2,0.0,14.8,11.6,0.0,0.2,0.4,1.2
168,Hannibal-Mejbri,19.0,0.5,0.5,16.0,16.0,0.0,0.5,10.5,0.0,0.0,0.05,0.05,0.0,0.0,0.0,8.5,13.0,1.0,0.5,1.0,0.5
169,Harrison-Ashby,20.0,0.0,0.0,9.0,0.0,0.0,1.0,8.0,0.0,1.0,0.0,0.0,0.0,0.0,0.0,7.0,4.0,1.0,0.0,0.0,1.0
170,Harry-Kane,28.0,3.8,1.8,41.2,10.0,0.0,0.2,28.0,3.2,0.6,0.48,0.48,0.27999999999999997,3.4,0.8,17.8,31.6,5.4,2.2,3.2,3.2
171,Harry-Maguire,28.4,0.4,0.0,58.8,7.4,1.8,0.8,49.6,1.6,1.4,0.02,0.02,0.0,0.0,0.0,43.4,34.2,2.8,0.4,0.6,1.6
172,Harry-Winks,25.6,0.6,0.2,48.2,6.8,1.0,0.8,41.4,2.4,1.2,0.02,0.02,0.02,1.4,0.2,35.4,30.2,2.8,0.6,1.4,1.6
173,Harvey-Barnes,23.4,3.0,1.6,31.0,5.2,0.6,0.4,19.0,2.6,0.6,0.2,0.2,0.08,1.6,0.2,13.6,24.0,5.0,1.0,3.4,3.0
174,Harvey-Elliott,18.2,1.6,0.2,39.6,14.8,0.4,0.4,31.8,4.6,0.8,0.14,0.14,0.06000000000000001,3.6,0.2,27.0,30.0,5.8,0.4,1.0,1.6
175,Hassane-Kamara,27.6,0.6,0.2,59.0,17.4,3.6,6.0,44.0,2.8,2.4,0.02,0.02,0.0,0.8,0.0,29.0,32.2,2.4,1.8,2.6,2.6
176,Helder-Costa,27.0,1.0,0.0,6.0,9.0,0.0,0.0,4.0,0.0,0.0,0.0,0.0,0.0,0.0,0.0,4.0,2.0,0.0,0.0,0.0,1.0
177,Hwang-Hee-chan,25.4,0.8,0.2,31.8,11.6,0.6,1.6,23.6,1.8,0.2,0.04,0.04,0.02,1.0,0.0,19.8,23.4,2.2,0.8,1.6,1.8
178,Ibrahima-Diallo,22.4,0.6,0.4,36.2,13.2,2.0,1.4,27.8,1.4,1.2,0.02,0.02,0.06,2.0,0.4,22.0,23.4,4.0,2.2,2.6,2.2
179,Ibrahima-Konate,22.0,0.4,0.0,75.0,7.4,1.0,2.4,64.2,2.8,1.6,0.04,0.04,0.02,0.4,0.0,56.2,48.2,3.8,0.6,0.6,1.8
180,Ilkay-Gundogan,31.0,0.4,0.0,37.4,6.8,1.4,1.2,31.4,2.6,0.6,0.04,0.04,0.04,1.8,0.0,27.8,23.4,4.6,0.6,0.6,1.4
181,Imran-Louza,22.0,1.6,0.4,48.2,15.2,0.8,3.2,39.2,3.2,1.2,0.12,0.12,0.04,1.4,0.0,30.2,23.2,1.6,0.2,0.8,1.4
182,Isaac-Hayden,26.0,0.4,0.0,36.2,12.8,2.2,1.0,25.0,1.0,1.6,0.02,0.02,0.0,0.2,0.0,18.2,18.8,1.2,0.6,1.2,1.4
183,Isaac-Price,18.0,1.0,0.0,5.0,8.0,1.0,1.0,1.0,0.0,1.0,0.2,0.2,0.0,0.0,0.0,1.0,1.0,0.0,0.0,0.0,1.0
184,Ismaila-Sarr,23.4,2.0,1.0,31.4,16.4,0.2,1.0,19.8,1.0,0.4,0.24000000000000005,0.24000000000000005,0.13999999999999999,0.8,0.0,15.2,24.4,5.6,1.8,2.2,3.6
185,Issa-Diop,24.6,0.4,0.4,45.6,6.0,0.6,1.4,38.2,1.0,1.6,0.04,0.04,0.02,0.4,0.2,33.0,23.2,2.0,0.0,0.0,2.4
186,Ivan-Toney,25.2,2.8,0.8,39.2,16.8,0.6,0.2,25.4,2.6,1.0,0.2,0.2,0.19999999999999998,2.0,0.4,14.2,19.4,2.0,0.6,1.0,3.2
187,Jack-Cork,32.0,0.2,0.0,39.2,19.0,0.8,1.8,32.4,2.8,1.6,0.0,0.0,0.02,1.2,0.0,25.4,24.6,2.4,0.4,0.4,1.8
188,Jack-Grealish,26.0,1.6,0.8,43.0,12.6,1.4,0.6,33.6,4.2,1.0,0.13999999999999999,0.13999999999999999,0.22000000000000003,5.2,0.4,28.6,35.6,9.6,1.0,1.6,1.8
189,Jack-Harrison,24.6,1.6,1.0,30.8,12.0,0.8,0.4,20.8,3.2,2.0,0.12000000000000002,0.12000000000000002,0.04,2.0,0.2,13.6,24.0,6.2,1.8,3.8,3.4
190,Jack-Stephens,27.6,0.0,0.0,58.0,8.8,1.6,2.6,49.6,2.6,2.2,0.0,0.0,0.0,0.0,0.0,39.2,33.4,1.2,0.2,0.2,1.4
191,Jacob-Murphy,26.8,1.4,0.4,32.8,17.0,1.4,1.8,22.0,1.0,1.6,0.15999999999999998,0.15999999999999998,0.12,3.0,0.4,14.4,21.2,4.6,1.2,2.2,2.4
192,Jacob-Ramsey,20.0,0.6,0.0,28.4,13.0,2.4,0.8,19.4,1.6,0.6,0.02,0.02,0.0,1.0,0.0,17.0,17.4,3.6,0.4,0.6,1.6
193,Jaden-Philogene-Bidace,19.0,0.0,0.0,3.0,2.0,0.0,0.0,0.0,0.0,0.0,0.0,0.0,0.0,1.0,0.0,0.0,1.0,0.0,0.0,0.0,1.0
194,Jadon-Sancho,21.2,1.0,0.2,30.8,4.4,0.6,0.6,25.2,2.0,1.0,0.04,0.04,0.04,2.0,0.0,21.0,23.2,6.8,1.8,2.4,1.2
195,Jairo-Riedewald,24.666666666666668,0.0,0.0,22.0,3.6666666666666665,0.6666666666666666,0.0,18.0,1.3333333333333333,1.3333333333333333,0.0,0.0,0.03333333333333333,1.0,0.0,15.0,14.333333333333334,1.3333333333333333,0.0,0.6666666666666666,1.3333333333333333
196,Jakob-Sorensen,23.4,0.4,0.0,44.0,12.0,2.8,1.2,36.6,1.4,0.8,0.0,0.0,0.0,0.2,0.0,28.8,26.2,2.6,0.6,0.6,1.8
197,Jakub-Moder,22.0,1.2,0.4,40.6,19.2,1.4,0.8,30.4,2.4,1.4,0.08,0.08,0.04,1.4,0.0,23.4,24.4,3.2,0.6,1.0,1.8
198,Jamaal-Lascelles,27.6,0.4,0.0,26.8,3.6,0.2,1.0,20.2,0.4,1.0,0.0,0.0,0.0,0.4,0.2,15.2,12.2,0.4,0.0,0.0,1.4
199,Jamal-Lewis,23.0,0.0,0.0,27.6,8.4,2.2,1.2,20.6,0.8,1.0,0.0,0.0,0.0,0.4,0.2,16.2,14.8,0.8,0.0,0.4,1.4
200,James-Justin,23.4,0.2,0.0,59.6,15.4,2.2,2.8,47.2,2.6,1.8,0.02,0.02,0.04,0.4,0.0,35.2,29.8,2.6,0.2,1.0,1.8
201,James-Maddison,24.4,1.2,0.6,26.0,8.4,1.0,0.6,20.4,1.8,0.4,0.1,0.1,0.1,3.0,0.0,12.4,18.8,2.4,0.4,0.8,2.4
202,James-McArthur,33.6,0.6,0.2,54.8,15.0,1.6,1.4,45.2,2.2,1.0,0.0,0.0,0.02,1.6,0.2,37.8,39.4,4.2,1.2,1.6,2.0
203,James-Mcatee,19.0,0.5,0.0,8.5,4.5,0.0,0.5,6.5,0.0,0.0,0.0,0.0,0.0,0.0,0.0,4.5,6.0,1.0,0.5,0.5,1.0
204,James-Milner,35.6,0.2,0.0,12.2,2.8,0.2,0.2,11.2,1.6,0.2,0.0,0.0,0.0,0.2,0.0,9.8,8.2,0.8,0.2,0.2,1.0
205,James-Tarkowski,29.0,0.4,0.4,40.8,6.6,2.0,1.6,28.6,1.6,1.8,0.0,0.0,0.02,0.4,0.0,19.0,16.6,0.2,0.2,0.4,2.0
206,James-Tomkins,32.0,0.4,0.2,47.8,5.6,1.4,1.2,42.8,1.0,1.4,0.06,0.06,0.08,0.6,0.0,37.6,25.8,1.0,0.4,0.4,2.6
207,James-Ward-Prowse,27.0,0.8,0.0,76.4,14.8,2.0,2.4,68.8,3.4,1.8,0.02,0.02,0.1,2.4,0.4,53.8,44.0,2.6,0.8,1.4,3.2
208,Jamie-Shackleton,21.4,0.4,0.0,46.8,6.6,2.0,0.6,39.6,1.6,1.0,0.02,0.02,0.0,0.6,0.0,35.0,31.6,2.4,1.0,1.8,1.6
209,Jamie-Vardy,34.2,2.2,0.8,16.6,14.6,0.0,0.4,11.2,1.4,0.4,0.27999999999999997,0.27999999999999997,0.1,1.6,0.2,8.4,10.2,2.6,0.4,0.8,3.6
210,Jan-Bednarek,25.2,0.6,0.2,58.2,7.2,1.2,3.0,50.6,1.6,1.4,0.08,0.08,0.0,0.8,0.0,43.6,34.4,1.0,0.0,0.2,2.0
211,Jannik-Vestergaard,29.0,0.2,0.0,28.0,4.4,1.2,2.0,19.8,0.8,1.6,0.02,0.02,0.0,0.2,0.0,17.0,13.0,0.4,0.2,0.2,1.4
212,Japhet-Tanganga,22.0,0.2,0.0,31.6,10.8,1.8,1.4,21.8,0.8,2.2,0.0,0.0,0.06,0.2,0.0,17.2,12.0,1.2,0.4,0.8,1.2
213,Jarrad-Branthwaite,19.0,0.6,0.4,29.4,7.6,0.6,1.6,22.0,1.4,1.4,0.1,0.1,0.0,0.0,0.0,16.0,15.8,0.4,0.2,0.2,2.4
214,Jarrod-Bowen,24.4,2.6,1.2,35.0,13.2,1.2,0.8,24.0,1.8,1.4,0.26,0.26,0.22000000000000003,5.2,0.6,16.8,23.2,4.4,1.0,2.4,2.4
215,Javier-Manquillo,27.0,0.0,0.0,23.6,6.4,1.0,1.0,17.8,0.6,1.0,0.0,0.0,0.0,0.4,0.0,13.2,11.4,1.0,0.0,0.4,1.4
216,Jay-Rodriguez,32.0,1.6,0.0,22.6,12.8,1.0,0.4,13.8,0.8,1.8,0.18,0.18,0.0,1.0,0.2,9.6,11.0,0.8,0.0,0.4,1.6
217,Jean-Philippe-Gbamin,26.0,0.0,0.0,9.333333333333334,4.666666666666667,0.6666666666666666,0.0,7.0,0.0,0.0,0.0,0.0,0.0,0.0,0.0,5.333333333333333,6.333333333333333,0.6666666666666666,0.3333333333333333,0.6666666666666666,1.0
218,Jean-Philippe-Mateta,24.0,2.2,1.2,22.4,11.0,0.2,0.0,13.6,0.2,1.0,0.26,0.26,0.04,0.6,0.0,9.6,12.0,1.2,1.0,1.8,3.0
219,Jeff-Hendrick,29.0,0.3333333333333333,0.3333333333333333,10.666666666666666,5.333333333333333,0.3333333333333333,0.0,9.0,0.3333333333333333,0.0,0.0,0.0,0.0,0.3333333333333333,0.0,8.0,8.333333333333334,0.3333333333333333,0.3333333333333333,0.3333333333333333,2.3333333333333335
220,Jeffrey-Schlupp,28.6,1.6,0.4,34.8,12.4,1.8,0.4,25.2,1.0,1.6,0.08,0.08,0.06,1.2,0.0,21.6,24.8,2.4,0.8,1.0,2.4
221,Jeremy-Ngakia,21.0,0.4,0.0,31.4,15.2,2.2,0.6,23.8,1.6,1.8,0.0,0.0,0.0,0.8,0.0,17.4,14.2,1.0,0.2,0.2,1.6
222,Jeremy-Sarmiento,19.0,0.0,0.0,7.0,5.2,0.6,0.2,4.0,0.2,0.6,0.0,0.0,0.0,0.0,0.0,2.8,5.0,1.0,0.2,0.2,1.0
223,Jesse-Lingard,28.6,0.4,0.2,12.4,8.8,1.0,0.0,9.8,0.2,0.2,0.02,0.02,0.0,0.6,0.0,8.0,7.2,0.8,0.0,0.2,2.0
224,Jesuran-Rak-Sakyi,18.5,0.0,0.0,20.5,10.0,0.0,1.5,15.0,0.5,1.0,0.0,0.0,0.0,0.0,0.0,12.5,14.0,1.0,0.0,1.0,1.5
225,Joachim-Andersen,25.0,0.2,0.0,73.4,5.2,1.0,1.0,64.8,2.6,1.6,0.0,0.0,0.02,1.0,0.0,54.6,49.2,2.4,0.6,0.6,1.8
226,Joao-Cancelo,27.0,1.8,0.4,95.8,10.0,2.2,1.4,85.0,6.4,1.4,0.02,0.02,0.04,3.6,0.4,69.4,67.8,6.4,0.8,2.8,2.4
227,Joao-Moutinho,34.8,0.4,0.0,52.0,16.6,2.0,3.4,43.6,2.6,0.8,0.0,0.0,0.06,1.8,0.0,35.0,33.4,3.0,0.2,0.4,1.8
228,Joao-Pedro,20.0,0.6,0.0,17.4,3.6,0.6,0.6,12.4,0.8,0.2,0.04,0.04,0.16,1.6,0.6,8.8,12.0,1.4,1.0,1.2,1.8
229,Joe-Gelhardt,19.2,0.2,0.0,17.2,15.2,0.8,0.2,8.6,1.2,0.0,0.02,0.02,0.04,0.4,0.4,5.4,13.0,2.0,0.8,1.6,1.8
230,Joe-Gomez,24.0,0.2,0.0,61.8,8.4,1.4,2.2,54.4,5.6,0.6,0.0,0.0,0.1,1.6,0.4,44.0,41.8,4.2,0.8,1.4,1.8
231,Joe-Rodon,23.666666666666668,0.0,0.0,14.666666666666666,2.3333333333333335,0.0,0.6666666666666666,10.333333333333334,0.0,1.0,0.0,0.0,0.0,0.0,0.0,9.333333333333334,7.666666666666667,0.0,0.0,0.0,1.3333333333333333
232,Joe-Willock,22.0,1.0,0.2,29.2,23.4,1.8,0.8,19.6,1.8,0.8,0.16,0.16,0.04,1.2,0.0,14.8,20.2,2.6,0.6,1.8,2.6
233,Joel-Matip,30.0,0.6,0.0,88.0,5.2,1.2,2.6,78.6,5.0,0.8,0.0,0.0,0.06,1.6,0.6,72.4,63.4,10.2,0.6,0.8,2.6
234,Joel-Veltman,29.6,0.8,0.2,63.2,7.8,2.4,2.4,51.2,2.8,2.2,0.02,0.02,0.02,1.2,0.0,37.6,36.0,2.6,0.4,0.6,2.4
235,Joel-Ward,31.6,0.4,0.0,59.8,7.2,1.0,1.0,49.6,2.6,2.2,0.02,0.02,0.0,0.0,0.0,38.6,33.4,1.2,0.6,1.4,1.8
236,Joelinton,25.0,1.2,0.4,32.6,12.8,1.4,1.0,21.0,2.2,1.8,0.06000000000000001,0.06000000000000001,0.06,1.6,0.0,18.0,21.8,1.6,0.4,1.2,2.2
237,Johann-Berg-Gudmundsson,30.6,1.2,0.0,33.4,13.8,2.4,1.2,21.4,0.8,1.4,0.06000000000000001,0.06000000000000001,0.04,1.8,0.2,13.8,21.8,1.6,1.4,2.2,2.2
238,John-McGinn,26.6,1.6,1.2,48.6,11.4,2.0,0.8,37.8,4.6,1.4,0.02,0.02,0.27999999999999997,4.8,0.6,28.0,32.8,3.2,0.6,0.6,4.6
239,John-Stones,27.0,0.6,0.4,86.8,6.0,0.4,1.0,80.2,2.8,1.0,0.0,0.0,0.0,0.6,0.0,73.4,64.4,6.0,0.8,0.8,2.0
240,Jon-Rowe,18.2,0.4,0.2,8.0,4.4,0.4,0.2,4.2,0.2,1.0,0.06,0.06,0.02,0.2,0.0,2.8,6.2,1.2,0.4,1.4,1.0
241,Jonjo-Shelvey,29.6,0.8,0.4,45.2,14.6,1.6,0.4,38.4,2.6,1.2,0.04,0.04,0.06000000000000001,1.6,0.4,31.4,27.8,2.0,0.2,0.4,2.4
242,Jonjoe-Kenny,24.4,0.4,0.0,38.8,9.0,0.8,1.8,32.2,2.2,1.2,0.04,0.04,0.04,0.6,0.0,25.4,23.0,2.8,0.0,0.6,1.4
243,Jonny-Castro,28.0,1.0,0.4,65.0,14.4,2.8,0.8,53.8,3.0,1.0,0.06000000000000001,0.06000000000000001,0.02,1.4,0.0,44.8,42.4,5.2,2.0,2.2,2.0
244,Jonny-Evans,33.2,0.2,0.2,66.8,5.6,1.2,2.6,60.4,2.4,1.2,0.06,0.06,0.0,0.2,0.2,51.0,43.2,2.0,0.0,0.2,1.4
245,Jordan-Ayew,29.6,0.8,0.4,44.4,19.4,2.4,0.8,27.8,2.4,1.6,0.02,0.02,0.06000000000000001,1.8,0.2,21.2,34.0,4.4,1.8,3.4,1.8
246,Jordan-Henderson,31.0,0.8,0.2,63.8,12.8,0.6,1.4,58.8,4.4,1.0,0.04,0.04,0.18,3.0,0.6,51.0,45.0,3.6,0.6,0.8,2.4
247,Jorginho,29.4,0.4,0.0,74.0,20.0,3.6,3.0,65.8,7.0,0.6,0.02,0.02,0.12,2.6,0.2,58.8,48.0,3.4,0.0,0.0,1.6
248,Josh-Brownhill,25.8,0.2,0.2,40.2,15.8,2.4,1.8,32.4,2.0,0.6,0.0,0.0,0.06000000000000001,2.0,0.0,24.8,20.8,1.4,0.0,0.2,1.8
249,Josh-Dasilva,23.0,0.2,0.0,12.8,5.4,0.4,0.2,9.0,0.6,0.4,0.0,0.0,0.0,0.4,0.0,7.0,8.6,1.4,0.6,1.2,1.0
250,Josh-Sargent,21.0,1.6,0.0,22.4,11.0,2.0,1.0,13.0,0.2,1.6,0.3,0.3,0.02,1.4,0.4,9.2,13.4,0.8,0.8,1.0,2.2
251,Joshua-King,29.6,1.4,0.8,33.0,21.8,1.4,0.4,22.4,0.8,1.8,0.42000000000000004,0.42000000000000004,0.08,1.6,0.4,16.8,18.2,2.2,1.2,2.2,4.2
252,Juan-Mata,33.8,0.8,0.2,39.6,8.0,0.4,0.4,34.8,1.6,0.0,0.06000000000000001,0.06000000000000001,0.04,1.2,0.0,30.4,33.0,4.0,0.8,1.0,1.4
253,Junior-Firpo,25.0,0.8,0.2,53.0,15.0,3.4,1.8,43.0,4.4,1.6,0.04,0.04,0.0,1.6,0.0,35.2,35.2,6.0,0.6,0.8,1.4
254,Juraj-Kucka,34.2,2.2,0.8,31.0,13.0,2.8,0.2,21.2,0.8,1.2,0.14,0.14,0.0,1.2,0.0,13.6,14.8,2.2,0.6,1.0,2.0
255,Jurgen-Locadia,28.0,1.0,0.0,6.0,4.0,1.0,0.0,3.0,0.0,0.0,0.1,0.1,0.0,0.0,0.0,2.0,5.0,0.0,1.0,1.0,1.0
256,Kai-Havertz,22.0,1.2,0.4,30.0,12.0,0.8,0.0,19.0,0.6,2.0,0.2,0.2,0.18,1.2,0.2,15.2,20.0,3.0,1.0,1.0,2.2
257,Kaide-Gordon,17.0,1.0,1.0,8.0,6.0,1.0,0.0,4.0,0.0,0.0,0.4,0.4,0.0,0.0,0.0,4.0,7.0,1.0,0.0,1.0,1.0
258,Kalvin-Phillips,25.4,0.8,0.2,59.8,26.8,3.0,3.2,46.8,5.2,3.0,0.06000000000000001,0.06000000000000001,0.0,1.4,0.0,37.2,34.2,1.8,0.6,1.0,1.6
259,Kasey-McAteer,20.0,0.0,0.0,2.0,4.0,0.0,0.0,1.0,0.0,0.0,0.0,0.0,0.0,0.0,0.0,1.0,2.0,0.0,0.0,0.0,1.0
260,Kayky-Chagas,18.0,0.0,0.0,3.0,3.0,0.0,0.0,2.0,0.0,0.0,0.0,0.0,0.0,0.0,0.0,2.0,3.0,1.0,0.0,0.0,1.0
261,Keinan-Davis,23.0,0.0,0.0,7.0,1.0,0.0,0.0,3.0,1.0,0.0,0.0,0.0,0.0,0.0,0.0,3.0,6.0,0.0,0.0,0.0,1.0
262,Kelechi-Iheanacho,24.8,1.0,0.2,20.2,9.2,0.6,0.4,12.8,0.8,0.4,0.02,0.02,0.02,1.0,0.2,8.8,15.0,1.2,0.2,0.6,1.2
263,Ken-Sema,27.8,0.2,0.0,18.8,14.8,0.6,0.6,12.4,0.0,0.6,0.02,0.02,0.08,1.8,0.0,8.8,13.2,1.0,1.2,2.6,1.4
264,Kenedy,26.0,1.0,0.0,60.0,9.0,3.0,0.0,49.0,7.0,2.0,0.1,0.1,0.9,3.0,1.0,38.0,44.0,5.0,0.0,1.0,4.0
265,Kenny-McLean,29.2,0.6,0.0,45.8,15.4,1.4,1.8,35.4,3.0,1.0,0.02,0.02,0.02,1.2,0.0,27.6,27.6,2.2,0.4,0.8,2.0
266,Kevin-De-Bruyne,30.0,2.2,1.2,54.2,13.8,0.6,0.8,44.2,3.6,1.4,0.06000000000000001,0.06000000000000001,0.33999999999999997,4.4,1.0,30.4,35.0,6.8,1.6,2.2,4.4
267,Kevin-Long,31.0,0.6,0.0,22.2,7.2,1.2,0.8,16.0,0.2,1.0,0.02,0.02,0.0,0.2,0.0,13.4,10.2,0.2,0.0,0.0,1.4
268,Ki-Jana-Hoever,19.2,0.2,0.0,36.0,13.6,2.8,1.0,28.8,1.4,1.2,0.0,0.0,0.0,0.6,0.0,20.2,18.2,2.2,0.2,1.2,1.4
269,Kieran-Dowell,24.0,0.0,0.0,26.6,16.8,0.4,0.6,22.2,1.0,1.2,0.0,0.0,0.02,0.6,0.0,15.0,15.6,1.4,0.0,0.4,1.8
270,Kieran-Tierney,24.0,1.4,0.8,57.8,9.8,0.8,0.4,50.0,2.4,1.8,0.08,0.08,0.16,2.6,0.2,38.0,32.8,5.6,0.6,2.4,3.4
271,Kieran-Trippier,31.0,0.2,0.2,60.4,10.4,3.8,2.0,50.4,3.0,2.4,0.0,0.0,0.08,1.8,0.2,35.2,24.6,1.2,0.2,0.4,2.6
272,Kiernan-Dewsbury-Hall,23.0,0.8,0.0,41.6,11.0,0.2,0.8,33.8,1.8,1.8,0.04,0.04,0.1,2.6,0.2,25.2,29.8,3.8,0.6,1.2,1.4
273,Kiko-Femenia,30.4,0.2,0.0,65.0,5.6,1.6,2.6,56.0,4.2,1.4,0.0,0.0,0.1,1.8,0.2,41.2,33.8,4.4,0.4,0.6,2.4
274,Kortney-Hause,26.0,0.4,0.4,47.6,9.2,0.8,1.6,39.6,1.2,2.0,0.02,0.02,0.0,0.0,0.0,31.0,29.2,0.6,0.4,0.8,2.6
275,Kostas-Tsimikas,25.2,1.4,0.4,89.4,12.8,1.8,1.4,78.4,5.6,1.2,0.08,0.08,0.26,4.4,0.4,58.8,54.0,11.4,0.8,1.8,2.4
276,Kristoffer-Ajer,23.2,0.4,0.0,37.2,7.6,1.0,1.8,28.0,1.8,1.6,0.04,0.04,0.06,0.6,0.2,20.6,17.6,1.8,0.2,0.6,1.8
277,Kurt-Zouma,26.8,0.2,0.0,52.4,7.2,0.8,1.6,41.0,1.4,1.4,0.02,0.02,0.0,0.4,0.0,36.6,32.2,2.8,0.0,0.2,1.6
278,Kyle-Walker,31.0,0.4,0.2,84.8,10.4,1.2,2.0,76.4,3.4,1.6,0.02,0.02,0.02,1.8,0.2,66.8,55.6,5.0,0.4,1.0,2.0
279,Kyle-Walker-Peters,24.2,0.4,0.0,47.0,8.2,1.4,0.6,38.0,2.2,1.0,0.0,0.0,0.04,1.4,0.0,31.0,34.2,5.2,1.8,2.4,1.6
280,Leander-Dendoncker,26.2,0.8,0.4,40.0,19.2,2.0,0.4,30.6,0.8,3.0,0.06000000000000001,0.06000000000000001,0.12,1.0,0.4,27.6,25.0,1.2,0.2,0.6,2.0
281,Leandro-Trossard,26.6,2.0,0.8,51.8,14.6,1.4,1.0,40.8,2.8,1.4,0.1,0.1,0.0,0.8,0.0,30.8,37.6,5.6,1.6,2.0,2.6
282,Leo-Fuhr-Hjelde,18.0,0.0,0.0,64.5,15.0,2.0,2.0,55.5,2.5,1.5,0.0,0.0,0.0,1.5,0.0,42.0,30.5,2.5,0.0,0.5,2.0
283,Leon-Bailey,24.0,1.6,0.6,24.6,6.8,2.0,0.2,15.2,1.0,0.8,0.12,0.12,0.04,1.6,0.4,11.0,18.8,3.6,0.6,1.4,2.0
284,Lewis-Bate,19.0,0.3333333333333333,0.0,26.333333333333332,24.333333333333332,0.3333333333333333,1.6666666666666667,18.0,1.3333333333333333,0.6666666666666666,0.0,0.0,0.0,0.6666666666666666,0.0,13.666666666666666,19.0,0.6666666666666666,0.3333333333333333,1.0,1.0
285,Lewis-Brunt,21.0,0.0,0.0,25.0,5.0,0.0,0.0,21.0,0.0,1.0,0.0,0.0,0.0,0.0,0.0,21.0,19.0,4.0,0.0,0.0,1.0
286,Lewis-Dobbin,18.0,0.0,0.0,4.333333333333333,6.333333333333333,0.6666666666666666,0.3333333333333333,2.3333333333333335,0.3333333333333333,0.0,0.0,0.0,0.0,0.0,0.0,1.3333333333333333,3.6666666666666665,0.3333333333333333,0.0,0.3333333333333333,0.6666666666666666
287,Lewis-Dunk,29.6,1.0,0.6,77.8,6.2,1.6,1.4,66.0,2.2,2.6,0.08,0.08,0.0,0.2,0.0,59.6,46.2,1.4,0.2,0.4,2.6
288,Liam-Cooper,30.0,0.2,0.0,63.8,9.0,1.4,1.4,52.2,3.4,2.2,0.0,0.0,0.0,0.8,0.2,44.2,32.8,0.4,0.2,0.2,1.8
289,Liam-Delap,19.0,0.0,0.0,1.0,2.0,0.0,0.0,1.0,0.0,0.0,0.0,0.0,0.0,1.0,0.0,1.0,1.0,0.0,0.0,0.0,1.0
290,Liam-McCarron,20.0,0.0,0.0,2.0,3.0,0.0,0.0,2.0,0.0,0.0,0.0,0.0,0.0,0.0,0.0,2.0,2.0,1.0,0.0,0.0,1.0
291,Lucas-Digne,28.0,1.4,0.6,72.6,10.8,1.8,1.6,62.6,4.2,1.4,0.06000000000000001,0.06000000000000001,0.32,3.4,0.6,48.8,39.4,4.2,0.4,1.0,2.6
292,Lucas-Moura,29.0,0.8,0.4,28.6,6.8,0.8,0.8,22.4,1.8,0.4,0.04,0.04,0.04,2.2,0.2,17.4,19.8,3.8,1.2,1.6,2.2
293,Luis-Diaz,25.0,3.2,1.0,49.2,11.4,1.0,0.2,37.6,3.0,1.0,0.45999999999999996,0.45999999999999996,0.12000000000000002,4.0,0.2,33.4,41.8,7.4,1.6,2.8,4.0
294,Luka-Milivojevic,30.4,0.4,0.0,37.4,10.0,2.0,0.6,31.4,1.6,0.8,0.0,0.0,0.08,1.6,0.0,26.6,18.0,0.8,0.0,0.0,1.0
295,Lukas-Rupp,30.6,0.2,0.0,23.8,8.0,0.2,0.8,20.2,1.0,0.4,0.0,0.0,0.02,1.4,0.0,17.4,20.6,3.2,1.2,1.4,1.2
296,Luke-Ayling,30.0,0.4,0.0,73.4,14.0,2.6,2.2,62.4,3.4,3.2,0.02,0.02,0.06000000000000001,1.2,0.0,47.4,39.2,2.2,0.4,0.8,1.8
297,Luke-Cundle,19.25,0.0,0.0,29.5,10.75,1.0,0.5,26.5,1.75,0.25,0.0,0.0,0.05,0.75,0.0,24.0,20.75,2.0,0.0,0.25,1.5
298,Luke-Shaw,26.0,0.4,0.2,66.4,9.6,1.0,0.8,57.4,3.4,2.4,0.0,0.0,0.16,4.6,0.6,44.8,41.6,4.4,0.8,1.8,2.0
299,Luke-Thomas,20.0,0.4,0.0,72.4,13.0,2.0,2.0,59.0,3.6,1.8,0.02,0.02,0.0,0.4,0.0,45.4,36.8,3.0,0.6,1.6,2.0
300,Lyanco,24.4,0.2,0.0,47.2,10.6,2.0,3.0,34.6,1.4,1.2,0.0,0.0,0.0,0.2,0.0,25.8,25.4,0.8,0.4,0.6,1.8
301,Mads-Bech-Sorensen,22.6,0.0,0.0,45.0,5.6,1.6,1.0,39.8,0.6,0.6,0.0,0.0,0.06000000000000001,1.2,0.0,32.0,22.4,1.6,0.0,0.0,1.6
302,Mads-Bidstrup,20.0,0.0,0.0,5.75,4.75,1.0,0.25,2.75,0.0,0.25,0.0,0.0,0.0,0.0,0.0,2.0,2.75,0.25,0.0,0.25,1.0
303,Mads-Roerslev,22.0,0.0,0.0,23.0,8.8,1.4,0.4,15.0,1.0,2.0,0.0,0.0,0.02,1.2,0.2,9.2,11.4,0.4,0.2,0.8,1.6
304,Malang-Sarr,22.6,0.0,0.0,76.0,9.4,2.4,1.4,65.8,2.0,1.2,0.0,0.0,0.0,0.4,0.2,59.2,51.8,2.8,0.0,0.6,1.6
305,Manuel-Lanzini,28.6,0.8,0.0,46.8,14.2,1.2,0.6,41.6,3.4,0.8,0.1,0.1,0.08,2.4,0.2,37.0,31.2,5.0,0.8,1.0,2.4
306,Marc-Albrighton,31.8,0.0,0.0,41.2,25.2,3.0,2.2,31.0,0.8,2.8,0.0,0.0,0.04,1.0,0.0,18.2,21.0,1.0,1.4,2.2,1.8
307,Marc-Cucurella,23.0,0.2,0.0,66.8,13.4,2.6,0.0,57.6,2.8,2.4,0.02,0.02,0.04,1.8,0.0,46.4,41.2,3.4,0.4,1.2,1.6
308,Marc-Guehi,21.0,1.0,0.0,88.0,7.0,0.6,1.6,78.4,2.0,1.8,0.08,0.08,0.0,0.6,0.0,68.2,62.8,3.4,0.0,0.0,2.0
309,Marcos-Alonso,30.4,1.2,0.6,66.4,12.2,2.6,3.0,53.8,3.6,1.8,0.04,0.04,0.1,2.8,0.6,42.6,34.6,6.0,0.4,1.2,2.2
310,Marcus-Forss,22.0,0.6,0.0,7.8,5.2,0.4,0.0,5.4,0.6,0.2,0.02,0.02,0.0,0.2,0.0,3.2,3.0,0.4,0.4,0.6,1.0
311,Marcus-Rashford,23.8,0.8,0.6,20.0,14.0,0.6,0.2,13.2,0.8,0.2,0.1,0.1,0.06000000000000001,1.4,0.2,9.4,14.2,1.8,0.6,1.4,2.2
312,Mark-Noble,34.2,0.0,0.0,22.2,3.6,0.8,0.4,20.2,0.8,0.2,0.16,0.0,0.04,0.6,0.0,18.6,14.4,1.6,0.0,0.0,0.8
313,Martin-Odegaard,22.8,1.0,0.2,44.8,13.4,1.2,0.0,38.6,4.8,0.6,0.06000000000000001,0.06000000000000001,0.39999999999999997,4.2,0.4,31.4,30.0,4.6,0.8,1.4,2.4
314,Martinelli,20.0,2.8,0.8,37.6,14.2,1.4,1.4,22.8,1.2,3.0,0.38,0.38,0.20000000000000004,3.4,0.2,16.2,23.0,4.8,1.2,2.0,4.2
315,Marvelous-Nakamba,27.2,0.0,0.0,36.4,16.6,2.4,1.2,29.8,1.4,1.2,0.0,0.0,0.0,0.4,0.0,25.8,22.4,1.6,0.8,1.2,1.4
316,Mason-Greenwood,19.6,3.4,0.8,38.0,9.0,0.6,0.2,28.6,2.4,0.2,0.32,0.32,0.04,2.2,0.0,24.4,32.0,7.0,2.0,2.8,2.0
317,Mason-Holgate,25.0,0.0,0.0,54.4,9.0,2.4,2.4,42.4,1.8,1.2,0.0,0.0,0.02,0.2,0.2,30.6,26.2,2.0,0.0,0.0,2.6
318,Mason-Mount,22.2,1.8,0.6,54.0,13.6,1.6,0.6,43.2,3.2,1.2,0.24,0.24,0.13999999999999999,2.4,0.6,31.6,35.6,5.6,0.6,1.2,3.2
319,Matej-Vydra,29.0,0.6,0.4,9.4,8.2,0.6,0.2,4.2,0.0,0.4,0.1,0.1,0.0,0.4,0.0,2.0,6.6,0.4,0.4,0.4,1.8
320,Mateo-Kovacic,27.0,1.2,0.0,51.8,17.4,1.4,1.2,45.4,2.4,0.6,0.04,0.04,0.15999999999999998,1.8,0.2,41.0,40.6,6.6,1.4,1.8,1.8
321,Mateusz-Klich,31.0,1.0,0.4,39.0,18.4,1.6,1.2,31.2,3.6,0.8,0.08,0.08,0.1,3.2,0.6,24.8,26.8,5.2,0.8,1.2,2.0
322,Mathias-Jensen,25.6,0.2,0.2,25.6,10.8,0.6,0.2,21.4,1.6,1.2,0.02,0.02,0.08,1.2,0.0,15.0,12.6,1.2,0.0,0.0,1.2
323,Mathias-Jorgensen,31.0,0.0,0.0,35.4,5.0,0.8,1.2,30.4,1.6,0.4,0.0,0.0,0.02,0.8,0.0,24.4,15.6,0.8,0.0,0.0,1.4
324,Mathias-Normann,25.0,1.4,0.2,41.6,12.0,1.2,1.6,30.8,3.6,1.4,0.04,0.04,0.04,1.2,0.2,20.8,21.0,0.8,0.6,0.8,2.4
325,Matt-Doherty,29.8,0.8,0.2,59.6,10.2,2.4,1.8,51.6,3.8,1.0,0.04,0.04,0.24000000000000005,1.6,0.4,41.4,38.0,5.4,0.2,0.4,3.0
326,Matt-Ritchie,31.6,0.6,0.0,48.8,8.6,1.2,1.2,42.6,2.6,1.2,0.0,0.0,0.13999999999999999,4.0,0.2,31.2,24.8,1.4,0.0,0.2,2.2
327,Matt-Targett,26.0,0.8,0.4,65.4,9.0,2.2,2.0,54.6,4.2,1.4,0.04,0.04,0.1,3.0,0.2,41.0,32.8,2.2,0.4,0.6,2.0
328,Matthew-Lowton,32.0,0.2,0.0,34.4,7.6,0.8,1.4,28.8,3.0,1.2,0.0,0.0,0.02,1.2,0.0,20.4,14.8,1.8,0.6,0.8,1.8
329,Matty-Cash,24.0,1.8,0.6,55.4,9.0,1.0,1.4,45.4,3.2,1.8,0.08,0.08,0.04,2.4,0.6,31.8,33.4,5.6,0.2,0.8,2.6
330,Max-Aarons,21.4,0.0,0.0,57.4,14.0,2.8,2.2,44.0,3.4,2.0,0.0,0.0,0.06000000000000001,1.4,0.2,32.8,37.4,7.0,0.8,2.0,2.0
331,Max-Kilman,24.0,0.8,0.2,53.8,8.0,2.2,1.8,42.8,3.0,0.8,0.04,0.04,0.0,0.2,0.0,37.4,35.0,4.2,1.2,1.2,2.0
332,Maxwel-Cornet,25.0,2.4,0.4,21.8,10.8,0.8,0.2,12.4,0.4,0.4,0.5,0.34,0.08,1.4,0.6,9.2,13.2,1.6,0.6,2.0,2.8
333,Michael-Keane,28.8,0.4,0.2,47.6,6.4,1.2,0.8,38.4,3.0,1.0,0.04,0.04,0.1,0.4,0.2,30.8,24.6,1.6,0.2,0.2,2.6
334,Michael-Olise,19.8,0.8,0.2,37.0,8.6,0.6,0.6,29.6,3.2,0.8,0.04,0.04,0.1,1.6,0.4,20.6,29.0,6.0,0.8,2.4,2.6
335,Michail-Antonio,31.4,3.2,1.2,27.6,13.0,0.4,0.0,15.6,0.8,0.2,0.42000000000000004,0.36,0.02,2.4,0.6,10.4,19.8,3.6,1.8,2.4,2.8
336,Miguel-Almiron,27.6,2.0,0.6,24.6,12.8,1.0,0.4,17.8,0.8,0.6,0.13999999999999999,0.13999999999999999,0.02,1.4,0.4,15.2,18.6,2.6,0.4,1.2,2.2
337,Milot-Rashica,25.0,1.2,0.4,30.0,11.0,0.8,1.2,20.2,1.6,0.8,0.06000000000000001,0.06000000000000001,0.1,1.8,0.2,12.2,18.4,3.6,0.8,3.0,2.6
338,Mohamed-Elneny,29.0,0.2,0.0,28.2,3.4,0.8,1.2,24.6,0.8,0.4,0.0,0.0,0.06000000000000001,0.6,0.0,22.8,19.4,1.6,0.0,0.0,1.4
339,Mohamed-Elyounoussi,27.0,1.6,0.2,30.2,17.2,1.6,0.8,18.8,1.0,1.8,0.1,0.1,0.04,1.2,0.4,12.6,19.4,3.8,0.0,0.4,2.2
340,Mohamed-Salah,29.0,4.2,1.8,48.8,10.6,0.2,0.2,33.8,2.8,0.6,0.7400000000000001,0.7400000000000001,0.36000000000000004,3.2,0.6,25.2,42.4,6.0,1.8,4.0,5.4
341,Mohammed-Salisu,22.2,0.4,0.4,70.0,9.8,2.4,2.4,57.6,3.0,2.2,0.04,0.04,0.02,1.2,0.2,47.2,39.8,2.4,0.2,0.2,2.0
342,Moise-Kean,21.0,0.0,0.0,2.0,0.0,0.0,0.0,1.0,0.0,0.0,0.0,0.0,0.0,0.0,0.0,1.0,0.0,0.0,0.0,0.0,1.0
343,Moises-Caicedo,20.0,1.0,0.4,43.2,18.2,2.4,1.4,32.2,2.6,2.2,0.06,0.06,0.02,0.8,0.2,26.8,26.8,2.6,1.0,1.6,2.8
344,Morgan-Gibbs-White,21.0,1.0,0.0,6.5,1.5,0.0,0.0,5.0,0.5,0.5,0.05,0.05,0.0,0.0,0.0,3.5,3.5,0.5,0.0,0.0,0.5
345,Morgan-Sanson,27.0,0.0,0.0,18.8,9.8,0.8,1.0,13.0,0.4,1.2,0.0,0.0,0.0,0.2,0.0,10.0,14.0,1.8,0.2,0.2,1.2
346,Moussa-Djenepo,23.0,0.8,0.2,13.2,3.2,0.6,0.4,8.2,1.2,0.4,0.02,0.02,0.02,1.2,0.2,7.0,9.4,2.8,0.2,1.2,1.0
347,Moussa-Sissoko,32.0,0.8,0.2,45.0,13.2,1.4,1.6,35.8,5.4,1.4,0.06,0.06,0.04,1.8,0.4,29.6,27.2,5.4,1.6,1.8,2.6
348,NGolo-Kante,30.2,1.2,0.8,67.2,17.4,2.6,2.8,56.2,4.2,1.0,0.13999999999999999,0.13999999999999999,0.02,1.8,0.6,48.8,50.2,6.4,1.4,2.2,3.4
349,Naby-Keita,26.8,0.4,0.0,33.4,9.0,1.2,0.2,30.0,4.2,0.6,0.0,0.0,0.04,1.4,0.0,26.0,27.0,3.8,0.4,0.6,1.2
350,Nampalys-Mendy,29.0,0.0,0.0,63.6,13.0,1.0,0.4,56.6,1.6,1.6,0.0,0.0,0.0,0.4,0.2,51.4,46.8,3.2,0.0,0.4,1.8
351,Nathan-Ake,26.6,0.2,0.0,50.0,5.0,0.8,0.8,44.8,0.8,0.8,0.04,0.04,0.0,0.0,0.0,39.2,32.6,2.0,0.0,0.2,1.4
352,Nathan-Collins,20.4,1.0,0.4,39.8,7.2,1.4,1.6,30.0,1.8,2.4,0.12,0.12,0.02,0.8,0.0,22.4,20.0,0.6,0.0,0.2,1.8
353,Nathan-Ferguson,21.0,0.0,0.0,5.0,1.0,0.0,0.0,5.0,0.0,0.0,0.0,0.0,0.0,0.0,0.0,3.0,0.0,0.0,0.0,0.0,1.0
354,Nathan-Redmond,27.4,0.4,0.0,23.4,14.6,0.8,0.8,18.6,1.8,0.6,0.06,0.06,0.08,1.0,0.0,14.6,16.4,2.2,0.0,0.4,1.6
355,Nathan-Tella,22.0,0.4,0.2,18.4,15.6,0.6,1.2,10.2,1.0,1.2,0.0,0.0,0.1,0.6,0.0,6.2,12.2,1.2,0.4,1.2,1.4
356,Nathan-Young-Coombes,19.0,0.0,0.0,1.0,2.0,0.0,0.0,0.0,0.0,0.0,0.0,0.0,0.0,0.0,0.0,0.0,1.0,0.0,0.0,0.0,1.0
357,Nathaniel-Clyne,31.0,0.4,0.2,56.2,7.4,0.8,1.8,49.2,1.6,0.4,0.02,0.02,0.02,0.8,0.2,38.4,29.6,2.4,0.0,0.0,2.6
358,Neal-Maupay,25.0,1.2,0.2,20.8,8.8,0.2,0.2,15.8,1.2,0.2,0.14,0.14,0.02,1.2,0.0,11.4,13.0,2.2,0.2,0.4,1.0
359,Neco-Williams,20.0,0.0,0.0,8.0,1.0,0.0,0.0,8.0,0.0,0.0,0.0,0.0,0.6,2.0,2.0,8.0,8.0,2.0,2.0,2.0,4.0
360,Nelson-Semedo,27.6,0.4,0.4,60.8,15.4,1.4,2.4,47.0,2.4,2.2,0.04,0.04,0.06000000000000001,1.4,0.0,35.8,40.0,5.8,1.4,3.0,2.0
361,Nemanja-Matic,33.0,0.0,0.0,43.4,9.0,1.0,1.6,35.6,4.0,1.2,0.0,0.0,0.1,1.4,0.4,31.2,27.4,5.0,0.4,0.4,2.6
362,Nicolas-Nkoulou,31.0,0.0,0.0,24.0,2.3333333333333335,0.3333333333333333,0.3333333333333333,17.666666666666668,0.3333333333333333,1.6666666666666667,0.0,0.0,0.0,0.3333333333333333,0.0,15.333333333333334,14.0,0.0,0.3333333333333333,0.3333333333333333,1.6666666666666667
363,Nicolas-Pepe,26.0,1.2,0.2,23.8,3.8,0.6,0.0,18.6,0.2,0.4,0.1,0.1,0.02,1.4,0.2,15.0,17.6,2.4,1.0,1.8,1.2
364,Nikola-Vlasic,23.8,0.6,0.0,20.8,11.6,0.6,0.2,15.6,0.8,0.6,0.06000000000000001,0.06000000000000001,0.04,2.0,0.0,11.6,15.8,2.6,0.6,1.0,1.6
365,Nuno-Tavares,21.4,0.8,0.0,40.0,6.0,0.6,1.2,30.0,1.4,1.6,0.0,0.0,0.0,0.6,0.0,25.6,27.6,4.8,1.2,1.8,1.6
366,Odsonne-Edouard,23.6,2.0,0.4,30.4,15.2,0.2,0.4,20.4,2.2,0.8,0.34,0.18,0.1,1.8,0.2,14.4,17.4,3.6,1.0,2.0,3.2
367,Oghenekaro-Etebo,25.4,0.2,0.0,20.4,7.0,0.8,1.2,15.8,1.4,1.0,0.0,0.0,0.0,0.4,0.0,14.0,15.0,0.6,0.4,0.6,1.2
368,Oleksandr-Zinchenko,24.6,0.2,0.0,68.0,6.8,1.4,1.6,62.0,6.6,1.8,0.0,0.0,0.16,2.4,0.6,55.0,50.4,6.6,0.4,0.8,2.2
369,Oliver-Skipp,21.0,0.4,0.2,44.2,11.8,0.8,1.2,38.6,2.6,0.8,0.02,0.02,0.1,2.4,0.2,33.6,28.4,3.4,0.0,0.0,1.6
370,Ollie-Watkins,25.6,2.2,1.4,30.2,15.6,0.8,0.4,17.8,1.2,1.0,0.4200000000000001,0.4200000000000001,0.18,2.8,0.6,13.2,17.6,2.0,1.2,1.8,3.8
371,Oriol-Romeu,30.0,0.8,0.2,61.6,16.4,2.4,2.0,52.6,3.8,1.4,0.08,0.08,0.18,2.4,0.2,42.2,41.4,4.6,1.0,1.2,3.2
372,Ozan-Kabak,21.0,0.2,0.0,45.2,8.0,1.0,2.4,35.4,1.6,1.6,0.0,0.0,0.0,1.0,0.0,28.2,25.4,1.4,1.0,1.0,1.8
373,Ozan-Tufan,26.0,0.6,0.0,26.4,12.0,0.6,0.4,21.4,2.0,0.6,0.08,0.08,0.04,1.4,0.0,15.0,14.4,1.4,0.2,0.4,1.4
374,Pablo-Fornals,25.4,1.4,0.4,41.4,16.2,0.8,1.4,33.0,6.4,1.8,0.14,0.14,0.13999999999999999,3.2,0.2,25.8,25.6,4.2,0.2,0.8,2.2
375,Pablo-Mari,27.0,0.5,0.0,57.0,9.5,3.0,3.0,43.0,4.0,3.0,0.15,0.15,0.05,0.5,0.0,39.0,29.5,2.0,0.5,0.5,1.5
376,Pascal-Gross,30.0,1.0,0.2,65.6,20.8,1.2,0.6,57.2,5.0,2.6,0.06000000000000001,0.06000000000000001,0.26,3.4,0.4,41.4,38.0,4.8,0.4,1.2,4.0
377,Pascal-Struijk,22.0,0.4,0.0,28.0,5.6,0.4,1.0,25.0,2.6,0.6,0.04,0.04,0.04,0.4,0.0,22.0,16.6,0.6,0.2,0.2,1.2
378,Patrick-Bamford,27.8,2.8,0.8,21.0,14.6,0.4,0.4,12.2,1.2,0.4,0.5199999999999999,0.5199999999999999,0.1,1.6,0.2,10.0,13.2,1.4,0.6,1.0,3.0
379,Patson-Daka,23.0,0.6,0.2,15.8,8.6,0.4,0.0,10.4,0.2,0.0,0.04,0.04,0.04,1.8,0.0,8.6,8.4,1.2,0.2,1.0,1.2
380,Paul-Dummett,30.0,0.0,0.0,30.333333333333332,10.333333333333334,3.0,1.3333333333333333,22.666666666666668,1.0,1.0,0.0,0.0,0.0,0.3333333333333333,0.0,17.0,13.666666666666666,1.3333333333333333,0.0,0.0,1.0
381,Paul-Pogba,28.2,1.4,0.2,46.0,10.4,1.2,0.6,36.2,2.8,0.4,0.1,0.1,0.24000000000000005,2.0,0.2,30.4,31.2,4.4,2.0,2.6,3.0
382,Pedro-Neto,21.6,0.6,0.0,27.6,7.8,0.8,0.4,21.2,0.8,0.2,0.0,0.0,0.1,2.2,0.2,16.0,18.8,4.4,0.2,1.2,1.8
383,Phil-Foden,21.0,2.4,0.8,46.2,17.4,1.2,0.6,37.6,2.8,0.2,0.36,0.36,0.18,1.8,0.0,27.6,31.8,5.2,1.6,2.2,3.4
384,Phil-Jones,29.75,0.0,0.0,25.0,5.75,1.5,1.25,19.75,1.25,0.75,0.0,0.0,0.0,0.5,0.0,17.75,16.0,1.25,0.0,0.0,1.25
385,Philippe-Coutinho,29.0,2.2,1.2,40.4,8.0,1.4,0.2,32.4,3.0,1.0,0.32,0.32,0.22000000000000003,1.8,0.4,29.0,30.4,5.6,0.4,1.6,3.6
386,Pierre-Emerick-Aubameyang,32.0,2.2,1.0,27.2,16.4,1.0,0.2,17.4,0.8,1.4,0.5799999999999998,0.25999999999999995,0.02,1.4,0.4,11.4,14.2,3.0,0.2,0.4,2.0
387,Pierre-Hojbjerg,26.0,1.0,0.4,78.8,13.2,1.4,2.2,70.2,5.4,1.4,0.08,0.08,0.15999999999999998,2.8,0.0,63.8,55.4,3.6,0.8,1.0,2.0
388,Pierre-Lees-Melou,28.0,2.0,0.4,33.4,15.8,2.0,1.4,26.2,3.2,1.4,0.12000000000000002,0.12000000000000002,0.04,2.2,0.0,19.2,22.2,1.8,0.4,0.6,1.6
389,Pontus-Jansson,30.2,0.6,0.2,45.6,6.2,1.0,2.2,35.2,2.6,1.6,0.08,0.08,0.02,0.4,0.2,30.2,22.6,1.0,0.0,0.0,2.0
390,Przemyslaw-Placheta,23.2,1.2,1.0,22.2,9.8,0.4,1.6,15.0,0.8,1.0,0.08,0.08,0.13999999999999999,1.6,0.0,10.2,15.2,2.8,0.2,1.0,1.4
391,Raheem-Sterling,26.8,0.8,0.0,40.4,10.0,1.4,0.4,27.8,2.0,0.6,0.06000000000000001,0.06000000000000001,0.12000000000000002,2.6,0.0,23.0,33.0,6.6,1.2,3.4,1.8
392,Raphael-Dias-Belloli,24.6,3.0,0.4,56.6,13.0,1.2,2.0,39.6,7.8,1.4,0.5000000000000001,0.2,0.26,3.6,0.8,25.4,38.0,6.6,0.8,3.6,4.2
393,Raphael-Varane,28.0,0.2,0.0,65.8,7.4,1.4,2.2,55.0,1.4,2.4,0.04,0.04,0.0,0.4,0.0,51.4,42.0,3.8,0.0,0.4,2.0
394,Raul-Jimenez,30.0,0.8,0.2,35.6,15.6,1.2,0.6,23.6,1.6,1.0,0.06000000000000001,0.06000000000000001,0.04,1.8,0.0,17.2,25.6,2.4,1.0,2.8,1.6
395,Rayan-Ait-Nouri,20.0,0.4,0.0,49.2,19.6,4.2,1.8,37.0,1.2,2.0,0.0,0.0,0.02,1.4,0.2,28.0,26.2,3.2,1.2,2.0,1.6
396,Reece-James,21.4,0.2,0.0,49.6,6.2,1.2,0.8,43.8,3.2,0.6,0.02,0.02,0.06,1.4,0.4,37.4,35.4,4.2,1.4,1.8,2.0
397,Reiss-Nelson,21.0,1.0,0.0,16.0,8.0,1.0,1.0,11.0,1.0,0.0,0.0,0.0,0.0,3.0,0.0,10.0,11.0,0.0,0.0,0.0,1.0
398,Ricardo-Pereira,27.8,1.0,0.4,62.0,13.6,4.0,1.6,49.4,1.6,2.6,0.06000000000000001,0.06000000000000001,0.02,1.2,0.4,37.4,35.4,5.0,0.6,1.0,3.0
399,Richarlison,24.2,3.0,1.4,29.6,18.6,1.4,0.4,14.8,0.8,1.4,0.4600000000000001,0.4600000000000001,0.02,1.0,0.0,9.6,17.4,1.8,0.8,1.4,3.8
400,Rico-Henry,24.0,0.2,0.0,39.8,14.6,2.2,1.8,30.4,2.6,2.2,0.0,0.0,0.06000000000000001,1.4,0.0,22.8,26.2,1.8,0.2,1.2,2.0
401,Riyad-Mahrez,30.8,1.2,0.2,32.2,5.0,0.6,0.8,27.0,1.4,0.4,0.27999999999999997,0.13999999999999999,0.08,2.2,0.4,23.6,26.0,5.8,0.4,0.8,3.6
402,Rob-Holding,26.0,0.2,0.2,37.4,4.8,1.0,1.0,29.2,1.6,1.6,0.02,0.02,0.0,0.6,0.0,25.4,20.8,0.6,0.0,0.2,1.6
403,Roberto-Firmino,29.8,1.2,0.6,24.6,9.0,0.6,0.2,18.0,0.8,1.0,0.08,0.08,0.24000000000000005,1.4,0.2,14.2,16.2,2.0,0.8,1.6,1.6
404,Robin-Koch,25.0,0.4,0.0,51.4,13.8,1.0,1.2,42.0,2.8,1.6,0.04,0.04,0.0,1.2,0.0,33.4,24.2,1.6,0.2,0.2,1.8
405,Rodri,25.0,1.6,0.4,85.4,16.6,1.4,1.6,77.0,6.8,1.4,0.08,0.08,0.02,1.6,0.0,70.0,57.8,6.0,0.0,0.0,3.4
406,Rodrigo,30.4,1.8,1.0,39.0,14.4,0.0,1.0,29.4,2.8,0.0,0.2,0.2,0.12,3.0,0.0,21.0,24.4,4.6,0.2,0.6,1.4
407,Rodrigo-Bentancur,24.0,0.8,0.0,84.4,20.2,2.8,0.8,74.8,6.0,1.4,0.04,0.04,0.08,2.8,0.6,67.4,61.8,5.2,1.0,1.6,2.2
408,Romain-Perraud,24.0,1.6,0.2,46.4,18.0,2.4,1.8,34.0,2.6,1.6,0.1,0.1,0.0,0.6,0.2,21.0,27.4,2.6,0.2,1.2,1.8
409,Romain-Saiss,31.2,0.2,0.2,65.4,11.6,2.4,3.4,51.6,4.2,1.4,0.16,0.16,0.04,0.6,0.0,41.4,37.0,2.0,0.0,0.2,2.8
410,Romelu-Lukaku,28.0,1.0,0.4,17.2,5.8,0.0,0.0,11.0,0.0,0.4,0.12,0.12,0.0,0.6,0.0,7.4,9.0,1.2,0.2,0.4,1.6
411,Ross-Barkley,27.4,1.0,0.8,18.6,1.8,0.2,0.0,15.6,1.0,0.2,0.18,0.18,0.02,1.4,0.6,13.4,13.6,3.0,0.4,0.6,1.8
412,Ruben-Dias,24.0,0.8,0.0,89.6,4.2,0.6,0.8,83.4,5.0,0.4,0.08,0.08,0.06,1.2,0.0,80.2,68.0,11.8,0.0,0.2,1.8
413,Ruben-Loftus-Cheek,25.4,0.6,0.4,64.0,10.8,1.8,1.6,50.8,3.0,1.2,0.0,0.0,0.13999999999999999,1.6,0.2,45.8,43.6,6.0,1.2,2.2,1.8
414,Ruben-Neves,24.0,0.4,0.2,49.6,17.0,1.4,1.8,43.8,2.8,0.6,0.02,0.02,0.02,1.4,0.2,33.4,34.0,1.8,0.2,0.2,2.4
415,Ryan-Bertrand,32.0,0.0,0.0,57.0,18.75,2.25,0.75,47.75,1.75,2.75,0.0,0.0,0.07500000000000001,0.5,0.0,38.5,30.5,2.75,0.0,0.25,1.75
416,Ryan-Fraser,27.6,1.6,0.8,31.6,6.6,0.4,0.2,25.6,3.0,1.0,0.2,0.2,0.12,3.0,0.6,18.0,22.8,6.2,0.0,0.2,3.6
417,Ryan-Fredericks,28.8,0.0,0.0,27.6,3.2,0.8,0.8,23.2,0.4,0.4,0.0,0.0,0.02,0.2,0.0,19.0,13.6,1.0,0.0,0.2,1.4
418,Ryan-Sessegnon,21.0,0.4,0.0,26.6,15.2,0.8,0.8,18.6,1.8,1.6,0.02,0.02,0.12,0.4,0.0,13.2,15.2,2.0,0.4,1.6,1.4
419,Sadio-Mane,29.2,4.2,1.0,58.4,10.4,0.4,0.2,43.6,4.4,0.8,0.68,0.68,0.2,4.0,0.8,35.0,48.6,9.4,1.6,2.4,4.8
420,Said-Benrahma,26.0,2.4,0.6,35.6,9.4,1.0,0.0,27.8,1.6,0.2,0.22000000000000003,0.22000000000000003,0.06000000000000001,2.8,0.4,19.4,29.2,4.6,1.4,2.4,3.8
421,Salomon-Rondon,31.8,1.6,0.6,16.2,11.0,0.4,0.2,10.4,0.2,0.2,0.26000000000000006,0.26000000000000006,0.06000000000000001,1.0,0.2,7.2,6.0,0.2,0.0,0.4,2.2
422,Sam-Byram,28.0,0.2,0.0,43.8,6.8,0.8,3.0,33.4,1.4,2.0,0.06,0.06,0.02,0.8,0.0,27.4,22.8,0.8,0.0,0.0,1.2
423,Sam-Greenwood,19.8,0.6,0.0,16.6,11.2,1.4,0.4,12.2,1.2,0.4,0.06000000000000001,0.06000000000000001,0.1,1.0,0.2,8.4,10.8,1.2,0.2,0.2,1.8
424,Saman-Ghoddos,28.0,0.6,0.2,17.0,4.2,1.6,0.4,13.0,0.8,0.2,0.08,0.08,0.04,1.4,0.0,9.8,10.0,1.2,0.2,0.2,1.0
425,Samir-Santos,27.0,0.6,0.0,37.4,6.4,1.8,1.8,28.2,0.8,2.4,0.04,0.04,0.02,0.6,0.0,23.0,19.4,0.2,0.0,0.0,2.0
426,Samuel-Kalu,24.0,1.0,0.25,25.0,5.75,0.5,1.25,16.25,1.75,0.75,0.07500000000000001,0.07500000000000001,0.05,1.5,0.0,13.5,17.0,3.25,0.5,1.25,1.5
427,Saul-Niguez,27.0,0.2,0.0,41.4,8.8,1.2,1.4,34.0,0.2,1.6,0.02,0.02,0.06000000000000001,0.6,0.0,29.0,25.0,1.0,0.4,1.0,1.0
428,Scott-McTominay,24.6,1.6,0.2,63.4,19.8,2.8,1.6,49.2,4.6,1.8,0.1,0.1,0.0,2.0,0.4,43.0,42.2,6.0,1.8,1.8,2.4
429,Sead-Kolasinac,28.0,0.0,0.0,13.5,6.0,0.5,2.0,6.5,0.0,1.0,0.0,0.0,0.0,0.0,0.0,5.0,5.0,0.0,0.0,0.0,1.0
430,Seamus-Coleman,33.0,0.0,0.0,56.0,12.6,2.4,2.0,46.2,3.6,2.6,0.0,0.0,0.1,1.4,0.2,35.2,29.2,1.8,0.8,1.0,2.0
431,Sean-Longstaff,23.6,0.0,0.0,9.6,5.2,0.6,0.2,8.0,0.8,0.2,0.0,0.0,0.0,0.2,0.0,6.6,5.8,0.2,0.0,0.0,1.0
432,Sergi-Canos,24.2,0.6,0.4,28.0,13.4,2.2,1.4,19.4,1.6,1.8,0.04,0.04,0.04,0.8,0.2,11.6,15.6,2.0,0.4,0.4,2.0
433,Sergio-Reguilon,24.4,1.0,0.4,41.0,9.2,2.0,0.8,33.4,1.6,0.4,0.15999999999999998,0.15999999999999998,0.28,2.2,0.2,26.2,26.2,3.2,1.0,1.8,2.8
434,Shandon-Baptiste,23.2,0.0,0.0,23.0,8.0,0.8,1.8,17.2,1.2,0.8,0.0,0.0,0.0,0.4,0.0,14.4,14.6,1.6,0.0,0.2,1.0
435,Shane-Duffy,29.4,1.4,0.2,80.8,5.4,1.4,1.0,68.4,3.2,2.6,0.08,0.08,0.0,0.4,0.0,61.0,48.4,2.4,0.0,0.0,1.6
436,Shane-Long,34.8,0.6,0.0,9.4,4.6,0.8,0.0,4.6,0.8,0.2,0.12,0.12,0.02,0.4,0.0,2.6,4.6,0.2,0.0,0.2,1.0
437,Shola-Shoretire,18.0,0.0,0.0,6.0,2.0,0.0,0.0,5.0,0.0,0.0,0.0,0.0,0.0,0.0,0.0,5.0,3.0,0.0,0.0,0.0,1.0
438,Solly-March,27.0,0.0,0.0,25.4,7.2,0.6,0.8,20.0,1.4,1.0,0.0,0.0,0.12,2.2,0.2,16.2,20.2,3.2,1.4,2.0,2.0
439,Son-Heung-min,29.0,2.6,1.6,45.8,9.2,0.0,1.0,36.6,2.2,0.8,0.64,0.64,0.36,4.8,0.6,27.6,30.0,6.8,0.4,1.2,6.6
440,Sonny-Perkins,17.0,0.0,0.0,1.0,1.0,0.0,0.0,1.0,0.0,0.0,0.0,0.0,0.0,0.0,0.0,0.0,0.0,0.0,0.0,0.0,1.0
441,Steven-Alzate,22.8,0.2,0.2,30.2,7.0,1.2,1.0,24.6,1.6,0.8,0.02,0.02,0.02,1.0,0.2,22.4,19.2,2.2,0.8,0.8,1.4
442,Steven-Bergwijn,24.0,0.4,0.2,10.8,4.6,0.2,0.2,6.4,0.2,0.0,0.04,0.04,0.02,0.4,0.0,5.0,8.2,2.0,0.6,0.6,1.2
443,Stuart-Armstrong,29.4,2.0,0.6,41.4,8.0,1.0,0.0,34.0,2.4,0.8,0.16,0.16,0.02,1.2,0.0,27.4,33.6,5.4,1.6,2.4,2.4
444,Stuart-Dallas,30.0,1.0,0.6,61.2,14.8,2.8,3.2,48.8,3.8,3.4,0.04,0.04,0.04,2.0,0.2,34.6,31.8,5.2,0.4,1.0,2.6
445,Stuart-McKinstry,19.0,0.0,0.0,5.0,1.0,0.0,0.0,4.0,0.0,0.0,0.0,0.0,0.0,0.0,0.0,3.0,4.0,0.0,0.0,0.0,1.0
446,Takehiro-Tomiyasu,22.8,0.0,0.0,43.6,11.6,2.4,2.0,34.8,0.4,2.0,0.0,0.0,0.0,0.2,0.0,28.0,23.0,1.4,0.4,1.0,2.0
447,Takumi-Minamino,26.8,0.4,0.2,5.0,5.4,0.2,0.0,3.8,0.2,0.0,0.13999999999999999,0.13999999999999999,0.08,0.8,0.2,2.8,3.2,0.4,0.0,0.2,1.8
448,Tanguy-Ndombele,24.0,0.6,0.4,35.4,9.0,0.8,0.4,27.0,1.4,0.0,0.02,0.02,0.04,1.0,0.0,23.0,28.4,5.6,1.4,2.0,1.4
449,Tariq-Lamptey,21.0,0.6,0.2,33.8,9.4,0.8,0.8,26.2,2.2,1.2,0.02,0.02,0.1,1.2,0.0,21.4,24.2,4.4,0.6,3.0,1.4
450,Tariqe-Fosu,26.0,1.0,0.0,11.0,5.0,0.0,0.0,8.0,1.0,1.0,0.0,0.0,0.0,0.0,0.0,6.0,9.0,4.0,0.0,0.0,1.0
451,Taylor-Richards,20.5,0.5,0.0,16.0,5.0,0.0,0.0,13.5,1.0,0.0,0.0,0.0,0.0,0.5,0.0,11.5,13.0,1.5,0.0,0.5,1.0
452,Teemu-Pukki,31.0,2.2,0.6,21.2,18.6,0.6,0.4,13.4,0.6,0.4,0.3,0.3,0.08,1.8,0.0,9.2,13.8,2.4,0.6,1.2,3.2
453,Theo-Walcott,32.0,1.0,0.0,12.0,6.4,0.0,0.2,8.6,0.4,0.8,0.13999999999999999,0.13999999999999999,0.0,0.6,0.2,6.2,7.2,0.4,0.0,0.0,1.2
454,Thiago-Alcantara,30.2,1.4,0.4,89.0,16.8,3.6,2.2,78.0,10.0,1.8,0.13999999999999999,0.13999999999999999,0.12000000000000002,3.2,0.2,71.6,65.6,7.0,1.2,1.4,3.2
455,Thiago-Silva,37.0,0.0,0.0,80.2,7.0,0.6,2.2,72.8,3.2,1.8,0.0,0.0,0.0,0.4,0.0,68.6,55.6,4.2,0.2,0.2,1.8
456,Thomas-Partey,28.0,1.4,0.6,50.6,13.4,2.4,1.0,42.4,4.0,0.8,0.08,0.08,0.04,1.4,0.0,36.8,34.6,3.6,1.8,2.0,1.6
457,Tim-Iroegbunam,18.0,0.3333333333333333,0.0,11.0,8.0,1.6666666666666667,0.6666666666666666,8.333333333333334,1.3333333333333333,0.3333333333333333,0.03333333333333333,0.03333333333333333,0.0,0.0,0.0,7.0,6.333333333333333,1.0,0.0,0.0,1.0
458,Timo-Werner,25.4,2.4,0.8,32.4,11.8,0.2,0.0,24.8,0.4,0.2,0.6000000000000001,0.6000000000000001,0.02,1.6,0.2,18.0,24.2,3.4,0.8,1.2,3.4
459,Timothy-Castagne,25.2,0.0,0.0,66.6,15.0,3.0,2.2,54.0,2.4,2.4,0.0,0.0,0.02,0.8,0.0,44.2,36.2,2.2,0.6,1.2,2.0
460,Todd-Cantwell,23.0,0.4,0.0,23.6,12.0,1.8,0.4,17.6,1.2,0.2,0.02,0.02,0.04,0.8,0.0,13.8,17.8,2.2,0.2,0.4,1.2
461,Tom-Cleverley,32.0,1.0,0.6,40.4,17.2,1.4,1.2,33.0,1.6,1.6,0.06000000000000001,0.06000000000000001,0.13999999999999999,2.0,0.2,24.2,21.4,1.0,0.4,0.6,1.8
462,Tom-Davies,23.0,1.0,0.4,21.6,9.2,0.6,1.6,14.0,1.4,0.6,0.18,0.18,0.0,0.8,0.0,10.6,12.0,0.8,0.4,0.6,2.0
463,Tomas-Soucek,26.4,2.6,0.6,55.2,14.8,2.4,1.6,40.2,3.4,1.6,0.27999999999999997,0.22000000000000003,0.06,1.2,0.0,33.4,27.2,2.4,0.4,0.6,3.6
464,Tony-Springett,19.0,0.3333333333333333,0.3333333333333333,18.0,16.0,1.0,0.0,12.666666666666666,1.0,0.3333333333333333,0.09999999999999999,0.09999999999999999,0.13333333333333333,1.0,0.0,8.666666666666666,14.666666666666666,3.6666666666666665,0.6666666666666666,1.0,1.0
465,Toti-Gomes,22.75,0.25,0.0,60.25,8.5,1.75,2.5,47.75,2.5,2.5,0.025,0.025,0.0,0.0,0.0,35.5,33.5,2.5,0.75,1.0,1.75
466,Trent-Alexander-Arnold,22.8,1.6,0.4,107.4,10.6,2.0,3.4,96.4,8.2,1.2,0.08,0.08,0.22000000000000003,4.4,0.6,72.2,67.8,4.4,1.4,1.8,3.2
467,Trevoh-Chalobah,22.0,0.4,0.2,60.4,7.8,0.8,1.8,53.0,2.0,1.2,0.0,0.0,0.0,0.4,0.0,47.2,43.0,3.2,0.6,0.8,2.2
468,Trezeguet,27.0,1.0,0.0,9.0,0.0,0.0,0.0,6.0,1.0,0.0,0.1,0.1,0.0,0.0,0.0,6.0,9.0,1.0,1.0,1.0,1.0
469,Troy-Deeney,33.0,1.0,0.0,5.5,3.5,0.0,0.0,3.0,0.5,0.0,0.2,0.2,0.05,0.5,0.0,1.5,1.5,0.0,0.0,0.0,1.0
470,Tyler-Morton,19.0,0.0,0.0,19.5,6.0,0.0,1.0,18.5,1.5,0.0,0.0,0.0,0.0,0.5,0.0,16.0,13.5,1.0,0.0,0.0,0.5
471,Tyler-Onyango,18.0,0.3333333333333333,0.0,1.6666666666666667,3.3333333333333335,0.3333333333333333,0.3333333333333333,0.3333333333333333,0.0,0.0,0.0,0.0,0.0,0.0,0.0,0.0,0.6666666666666666,0.0,0.3333333333333333,0.6666666666666666,1.0
472,Tyler-Roberts,22.0,2.6,0.8,24.0,13.6,0.8,0.4,15.8,1.0,0.8,0.18,0.18,0.02,2.0,0.0,12.0,16.2,2.2,0.4,1.0,1.0
473,Tyrick-Mitchell,21.6,0.0,0.0,65.0,18.0,2.2,1.6,56.4,5.0,2.2,0.0,0.0,0.02,1.8,0.4,43.4,38.4,2.4,0.6,0.8,2.0
474,Tyrone-Mings,28.4,0.2,0.0,60.2,6.2,1.4,1.6,49.4,1.6,1.4,0.04,0.04,0.02,0.6,0.4,39.6,34.6,1.6,0.2,0.4,2.4
475,Valentino-Livramento,18.8,0.4,0.2,56.6,12.8,2.6,2.6,47.2,3.2,2.0,0.0,0.0,0.1,1.6,0.0,37.4,36.8,4.8,1.4,2.6,1.8
476,Victor-Lindelof,27.0,0.2,0.0,61.2,8.8,0.8,1.8,53.0,2.8,0.8,0.02,0.02,0.0,0.6,0.0,48.6,36.2,4.4,0.0,0.0,1.8
477,Virgil-van-Dijk,30.0,1.0,0.4,88.8,2.6,1.0,2.2,79.0,3.2,0.4,0.06000000000000001,0.06000000000000001,0.04,1.0,0.2,73.2,58.2,3.0,0.0,0.0,2.8
478,Vitaliy-Mykolenko,22.0,0.2,0.0,44.0,11.4,1.6,2.2,35.2,2.2,2.0,0.02,0.02,0.08,1.0,0.2,26.4,20.0,0.8,0.0,0.4,1.6
479,Vitaly-Janelt,23.0,1.2,0.8,39.4,17.2,1.8,1.0,31.0,2.0,1.4,0.16,0.16,0.06000000000000001,1.4,0.0,21.4,20.8,2.0,0.0,0.0,4.2
480,Vladimir-Coufal,28.8,0.0,0.0,75.0,15.0,1.2,0.8,67.2,4.4,1.2,0.0,0.0,0.16,2.0,0.4,45.4,41.8,3.6,0.6,0.6,2.6
481,Wesley-Fofana,21.0,0.6,0.2,83.6,7.4,1.6,2.8,74.0,2.0,0.6,0.04,0.04,0.0,0.8,0.0,66.6,59.4,5.6,0.4,0.4,1.6
482,Wesley-Moraes,24.0,0.0,0.0,4.0,2.0,0.0,0.0,2.0,1.0,0.0,0.0,0.0,0.0,0.0,0.0,2.0,1.0,0.0,0.0,0.0,1.0
483,Wilfred-Ndidi,24.6,0.6,0.0,70.6,19.6,3.2,3.0,52.8,3.0,1.6,0.02,0.02,0.0,1.0,0.0,44.6,39.0,2.2,0.6,0.8,1.8
484,Wilfried-Zaha,28.6,1.2,0.4,41.0,17.2,0.6,0.4,28.6,3.0,0.4,0.08,0.08,0.0,1.8,0.6,23.4,34.4,4.6,1.0,2.4,2.4
485,Will-Hughes,26.6,0.2,0.0,35.4,13.2,1.8,1.2,28.2,1.2,1.4,0.0,0.0,0.08,1.8,0.6,22.2,18.4,1.8,0.2,0.4,1.8
486,William-Smallbone,21.75,0.25,0.0,13.75,11.0,1.5,0.5,9.5,0.25,0.75,0.025,0.025,0.025,0.25,0.0,5.5,7.0,1.0,0.0,0.25,1.25
487,William-Troost-Ekong,28.0,0.0,0.0,41.6,8.0,1.0,1.0,32.0,1.4,2.6,0.0,0.0,0.02,0.4,0.0,23.4,20.2,1.0,0.0,0.0,1.6
488,Willy-Boly,31.0,0.0,0.0,63.0,13.4,3.2,2.6,51.6,1.2,2.6,0.0,0.0,0.02,0.2,0.0,41.8,36.0,1.8,0.0,0.0,2.0
489,Wout-Weghorst,29.0,2.2,0.4,39.0,31.2,1.2,0.2,24.2,1.0,2.0,0.3,0.3,0.15999999999999998,1.6,0.2,16.8,22.8,2.0,0.4,0.4,2.8
490,Yan-Valery,22.8,0.4,0.0,42.2,10.0,2.0,2.4,31.0,1.6,2.0,0.0,0.0,0.02,0.2,0.0,21.6,23.0,2.8,0.0,0.6,1.6
491,Yerry-Mina,26.8,0.4,0.2,37.8,4.8,1.0,1.2,28.8,1.6,1.8,0.0,0.0,0.0,0.2,0.0,23.2,19.8,0.6,0.0,0.2,1.4
492,Yoane-Wissa,25.0,1.4,0.6,15.6,5.2,0.2,0.4,10.0,1.6,0.6,0.13999999999999999,0.13999999999999999,0.04,1.0,0.6,6.8,8.6,1.6,0.2,0.4,3.6
493,Youri-Tielemans,24.0,1.8,0.6,56.2,11.0,2.2,1.8,46.2,4.0,1.4,0.12,0.12,0.08,3.0,0.0,36.4,35.4,2.6,0.4,0.6,1.8
494,Yves-Bissouma,25.0,0.8,0.4,65.6,20.8,4.2,2.2,51.2,2.2,1.8,0.02,0.02,0.0,0.8,0.0,47.0,45.0,3.8,1.4,1.8,1.4
