,name,index,goals,assists,xg,npxg,xa,fpl_points
0,Aaron-Connolly,17020,0,0,0.4,0.4,0.4,5
1,Aaron-Cresswell,180531,2,3,0.8999999999999999,0.8999999999999999,3.1000000000000005,75
2,Aaron-Lennon,160706,2,0,1.0999999999999999,1.0999999999999999,0.4,50
3,Aaron-Ramsdale,178403,0,0,0.0,0.0,0.0,67
4,Aaron-Wan-Bissaka,88764,0,0,0.1,0.1,0.8,38
5,Abdoulaye-Doucoure,148964,2,4,2.6,2.6,2.2,72
6,Adam-Armstrong,126895,2,2,4.300000000000001,4.300000000000001,1.7000000000000002,51
7,Adam-Forshaw,113580,0,1,0.30000000000000004,0.30000000000000004,1.0999999999999999,36
8,Adam-Idah,97432,1,1,2.0,2.0,0.6000000000000001,30
9,Adam-Lallana,96972,0,1,1.1,1.1,0.6,38
10,Adam-Masina,66234,0,1,0.5,0.5,0.7,29
11,Adam-Webster,98209,2,0,1.1,1.1,0.1,39
12,Adama-Traore,121503,1,0,2.4,2.4,1.6000000000000003,35
13,Ademola-Lookman,156102,6,0,5.1000000000000005,5.1000000000000005,1.8000000000000003,62
14,Ainsley-Maitland-Niles,40601,0,0,0.0,0.0,0.4,10
15,Albert-Sambi-Lokonga,105997,0,0,0.4,0.4,0.7,25
16,Alejandro-Garnacho,13131,0,0,0.0,0.0,0.0,2
17,Alex-Iwobi,146376,2,2,1.6,1.6,2.6999999999999997,64
18,Alex-Kral,2506,0,0,0.0,0.0,0.0,1
19,Alex-McCarthy,84152,0,0,0.0,0.0,0.0,33
20,Alex-Oxlade-Chamberlain,95989,2,1,0.9,0.9,0.8999999999999999,35
21,Alex-Telles,96173,0,4,0.5,0.5,1.9000000000000001,50
22,Alexandre-Lacazette,153202,4,7,8.0,5.800000000000001,2.1,84
23,Alexis-Mac-Allister,162595,5,2,6.3999999999999995,4.1,1.5,74
24,Alisson,192294,0,1,0.0,0.0,0.5,73
25,Allan,134808,0,2,0.1,0.1,0.7,50
26,Allan-Saint-Maximin,173080,5,5,5.1,5.1,5.899999999999999,95
27,Alphonse-Areola,4794,0,0,0.0,0.0,0.0,2
28,Alvaro-Fernandez,71897,0,0,0.0,0.0,0.0,22
29,Andre-Gomes,67647,0,1,0.5,0.5,0.2,18
30,Andreas-Christensen,97756,0,0,0.4,0.4,0.2,32
31,Andrew-Omobamidele,24256,1,0,0.30000000000000004,0.30000000000000004,0.0,12
32,Andrew-Robertson,148876,3,10,1.7000000000000004,1.7000000000000004,5.199999999999999,95
33,Andriy-Yarmolenko,102590,1,0,0.7000000000000001,0.7000000000000001,0.1,23
34,Andros-Townsend,98299,3,2,2.2,1.5000000000000004,2.3000000000000003,52
35,Angelo-Ogbonna,61747,1,0,0.2,0.2,0.0,24
36,Angus-Gunn,38155,0,0,0.0,0.0,0.0,18
37,Anthony-Elanga,114587,2,2,2.9,2.9,1.8000000000000003,48
38,Anthony-Gordon,183642,4,2,3.100000000000001,3.100000000000001,3.3000000000000003,77
39,Anthony-Martial,16358,1,0,0.5,0.5,0.1,12
40,Antonio-Rudiger,185018,3,0,2.6000000000000005,2.6000000000000005,1.1,71
41,Anwar-El-Ghazi,70267,1,1,1.0,0.30000000000000004,0.4,19
42,Armando-Broja,180935,6,0,6.800000000000001,6.800000000000001,1.2,75
43,Arthur-Masuaku,61171,1,1,0.1,0.1,0.8,24
44,Ashley-Barnes,117387,1,0,1.7,0.8999999999999999,1.5999999999999999,30
45,Ashley-Fletcher,17364,0,0,0.4,0.4,0.0,3
46,Ashley-Westwood,140233,0,3,1.0,1.0,3.6,54
47,Ashley-Young,138648,0,2,0.30000000000000004,0.30000000000000004,0.7,39
48,Asmir-Begovic,12839,0,0,0.0,0.0,0.0,6
49,Axel-Tuanzebe,47045,0,0,0.2,0.2,0.0,13
50,Aymeric-Laporte,152463,4,0,4.3999999999999995,4.3999999999999995,0.4,76
51,Ayoze-Perez,71439,2,3,1.4,1.4,1.0,33
52,Bali-Mumba,2287,0,0,0.0,0.0,0.0,1
53,Ben-Chilwell,39492,3,1,1.3,1.3,0.8999999999999999,28
54,Ben-Davies,168608,1,1,1.6,1.6,0.5,58
55,Ben-Foster,132134,0,1,0.0,0.0,0.2,55
56,Ben-Gibson,124808,0,0,1.0,1.0,0.0,51
57,Ben-Godfrey,121031,0,0,1.0,1.0,0.6,40
58,Ben-Johnson,107140,1,0,0.0,0.0,0.8,37
59,Ben-Mee,109245,3,0,1.8000000000000003,1.8000000000000003,0.0,48
60,Ben-White,160446,0,0,1.0,1.0,0.5,59
61,Benjamin-Mendy,6636,0,0,0.0,0.0,0.3,2
62,Bernardo-Silva,153637,8,4,6.900000000000001,6.900000000000001,5.000000000000001,104
63,Bernd-Leno,16026,0,0,0.0,0.0,0.0,8
64,Bertrand-Traore,44771,0,0,0.30000000000000004,0.30000000000000004,0.0,10
65,Billy-Gilmour,113625,0,1,0.9,0.9,1.8000000000000003,46
66,Boubakary-Soumare,94630,0,1,0.5,0.5,0.30000000000000004,33
67,Brandon-Williams,125113,0,1,0.2,0.2,1.1,44
68,Bruno-Fernandes,165991,10,6,9.599999999999998,8.2,8.399999999999999,115
69,Bruno-Guimaraes,106126,5,1,2.9000000000000004,2.9000000000000004,1.9,47
70,Bryan,43516,0,0,0.0,0.0,0.0,9
71,Bryan-Mbeumo,202331,4,7,9.899999999999999,9.2,3.4000000000000004,100
72,Bukayo-Saka,194060,11,7,9.6,8.2,6.6999999999999975,131
73,CJ-Egan-Riley,5077,0,0,0.0,0.0,0.0,1
74,Caglar-Soyuncu,143714,1,0,1.4000000000000001,1.4000000000000001,0.1,55
75,Callum-Hudson-Odoi,77141,1,2,2.2,2.2,2.3000000000000003,35
76,Callum-Wilson,81545,8,0,6.5,5.1,0.6,61
77,Calum-Chambers,82742,1,0,0.30000000000000004,0.30000000000000004,0.2,27
78,Cameron-Archer,15244,0,0,0.0,0.0,0.0,3
79,Caoimhin-Kelleher,7643,0,0,0.0,0.0,0.0,4
80,Carney-Chukwuemeka,68747,0,1,0.5,0.5,1.0,16
81,Cedric-Soares,99536,1,1,0.4,0.4,1.4000000000000004,40
82,Cenk-Tosun,3566,0,0,0.0,0.0,0.0,1
83,Cesar-Azpilicueta,156510,1,2,1.2000000000000002,1.2000000000000002,2.2000000000000006,57
84,Charlie-Cresswell,26092,0,0,0.1,0.1,0.0,5
85,Charlie-Goode,31898,0,0,0.1,0.1,0.30000000000000004,8
86,Charlie-Taylor,169106,0,3,0.1,0.1,3.3000000000000007,67
87,Che-Adams,169595,7,3,7.299999999999999,7.299999999999999,2.6,89
88,Cheikhou-Kouyate,152318,0,1,0.5,0.5,0.6000000000000001,48
89,Chem-Campbell,8427,0,0,0.0,0.0,0.0,1
90,Chiquinho,39536,0,3,0.4,0.4,0.6,18
91,Chris-Wood,186329,5,0,7.399999999999998,6.599999999999998,1.0,83
92,Christian-Benteke,155616,4,1,5.3,5.3,1.0999999999999999,52
93,Christian-Eriksen,64373,1,4,1.4,1.4,3.5,36
94,Christian-Kabasele,80767,0,0,0.7,0.7,0.0,29
95,Christian-Norgaard,201359,3,4,3.2,3.2,3.0000000000000004,85
96,Christian-Pulisic,137968,6,2,5.000000000000001,5.000000000000001,1.1,63
97,Christoph-Zimmermann,12587,0,0,0.0,0.0,0.0,3
98,Christos-Tzolis,66748,0,0,0.5,0.5,1.0,16
99,Ciaran-Clark,55201,0,1,0.7,0.7,0.30000000000000004,25
100,Cody-Drameh,12116,0,0,0.0,0.0,0.0,3
101,Cole-Palmer,9008,0,0,0.3,0.3,0.2,5
102,Connor-Roberts,132775,1,1,0.1,0.1,0.9,44
103,Conor-Coady,220145,4,0,1.9,1.9,0.0,87
104,Conor-Gallagher,195985,8,3,5.799999999999999,5.799999999999999,3.5000000000000004,96
105,Craig-Cathcart,150269,0,1,0.2,0.2,0.3,57
106,Craig-Dawson,185095,2,2,2.8000000000000007,2.8000000000000007,0.4,74
107,Cristian-Romero,128743,1,0,0.6,0.6,0.4,38
108,Cristiano-Ronaldo,122626,18,3,16.599999999999998,14.299999999999999,3.2000000000000006,130
109,Crysencio-Summerville,36720,0,0,0.2,0.2,0.0,6
110,Cucho,100820,5,2,2.4000000000000004,2.4000000000000004,1.8000000000000003,54
111,Curtis-Jones,86636,1,1,1.0999999999999999,1.0999999999999999,0.5,32
112,Dale-Stephens,6704,0,0,0.0,0.0,0.0,3
113,Dan-Burn,161728,1,1,1.6000000000000003,1.6000000000000003,0.1,54
114,Dan-Gosling,20076,1,0,0.2,0.2,0.0,9
115,Dane-Scarlett,8177,0,0,0.0,0.0,0.0,1
116,Daniel-Amartey,161762,0,0,0.0,0.0,0.1,46
117,Daniel-Bachmann,47910,0,0,0.0,0.0,0.0,24
118,Daniel-Chesters,10171,0,0,0.0,0.0,0.0,1
119,Daniel-James,167147,4,4,5.9,5.9,2.4,80
120,Daniel-Podence,145343,2,3,1.9000000000000004,1.9000000000000004,3.9000000000000004,57
121,Danny-Ings,171588,7,6,7.3,6.499999999999999,1.9000000000000004,94
122,Danny-Rose,47449,0,0,0.1,0.1,0.7,12
123,Danny-Ward,5701,0,0,0.0,0.0,0.0,2
124,Danny-Welbeck,123654,6,2,6.199999999999998,6.199999999999998,0.8999999999999999,70
125,David-Raya,135769,0,0,0.0,0.0,0.0,47
126,David-de-Gea,172501,0,0,0.0,0.0,0.0,76
127,Davinson-Sanchez,119758,2,0,2.0,2.0,0.4,44
128,Declan-Rice,202696,1,4,0.8999999999999999,0.8999999999999999,1.9000000000000001,79
129,Dejan-Kulusevski,106100,5,8,3.4000000000000004,3.4000000000000004,3.4000000000000004,74
130,Dele-Alli,121242,1,0,1.5,0.7,1.0,30
131,Demarai-Gray,172928,5,4,4.6,4.6,4.4,89
132,Diego-Llorente,147310,3,0,1.3000000000000003,1.3000000000000003,0.0,58
133,Dimitris-Giannoulis,79241,0,1,0.1,0.1,0.5,30
134,Diogo-Dalot,106671,0,0,0.6,0.6,1.0,39
135,Diogo-Jota,185618,15,4,16.500000000000004,16.500000000000004,5.4,129
136,Divock-Origi,39182,3,0,1.7000000000000002,1.7000000000000002,0.0,19
137,Dominic-Calvert-Lewin,80271,5,2,6.8999999999999995,4.6000000000000005,1.8,54
138,Dominic-Thompson,11617,0,0,0.0,0.0,0.0,4
139,Donny-van-de-Beek,68183,2,0,1.7000000000000002,1.7000000000000002,0.5,26
140,Douglas-Luiz,195687,2,3,1.8,1.8,2.4000000000000004,74
141,Dwight-Gayle,28843,0,0,0.3,0.3,0.5,7
142,Dwight-McNeil,201607,0,1,2.0,2.0,4.6000000000000005,74
143,Eberechi-Eze,74737,1,1,0.6000000000000001,0.6000000000000001,0.8,25
144,Eddie-Nketiah,94999,5,1,4.5,4.5,1.4000000000000004,49
145,Ederson,174489,0,0,0.0,0.0,0.1,71
146,Edinson-Cavani,73373,2,1,3.3,3.3,1.3,32
147,Edo-Kayembe,63750,0,0,0.2,0.2,0.2,21
148,Edouard-Mendy,186112,0,0,0.0,0.0,0.0,65
149,Ellis-Simms,5633,0,0,0.0,0.0,0.0,2
150,Emerson,165271,1,1,1.3000000000000003,1.3000000000000003,2.1000000000000005,58
151,Emerson-Palmieri,10465,0,0,0.0,0.0,0.0,1
152,Emi-Buendia,207054,4,6,3.0,3.0,5.5,88
153,Emil-Krafth,120035,0,1,0.30000000000000004,0.30000000000000004,0.7,36
154,Emile-Smith-Rowe,176115,10,2,5.7,5.7,1.9000000000000001,98
155,Emiliano-Martinez,210400,0,0,0.0,0.0,0.0,68
156,Emmanuel-Dennis,156525,10,6,7.599999999999998,7.599999999999998,2.9000000000000004,111
157,Enock-Mwepu,78078,2,4,2.0000000000000004,2.0000000000000004,1.3,45
158,Eric-Bailly,13296,0,0,0.0,0.0,0.0,3
159,Eric-Dier,194639,0,0,1.1,1.1,1.3,66
160,Erik-Pieters,57278,0,1,0.1,0.1,0.8,21
161,Ethan-Pinnock,189116,1,1,1.4,1.4,1.2000000000000002,67
162,Evan-Ferguson,3701,0,0,0.0,0.0,0.0,1
163,Ezri-Konsa,174948,2,0,1.4000000000000001,1.4000000000000001,0.30000000000000004,57
164,Fabian-Delph,59308,0,0,0.0,0.0,0.0,15
165,Fabian-Schar,138625,2,2,1.2,1.2,0.8,59
166,Fabinho,167819,5,1,3.5,1.9000000000000001,1.5,70
167,Fabio-Silva,132549,0,0,2.3000000000000007,2.3000000000000007,0.1,27
168,Federico-Fernandez,47059,0,0,0.30000000000000004,0.30000000000000004,0.3,13
169,Fernandinho,75402,2,1,1.7,1.7,1.0000000000000002,38
170,Fernando-Marcal,122334,0,0,0.5,0.5,0.7000000000000001,32
171,Ferran-Torres,21375,2,1,2.4000000000000004,2.4000000000000004,0.0,19
172,Finley-Stevens,9235,0,0,0.0,0.0,0.0,1
173,Folarin-Balogun,10890,0,0,0.3,0.3,0.0,2
174,Francisco-Sierralta,16444,0,0,0.0,0.0,0.0,8
175,Francisco-Trincao,178072,2,1,3.5000000000000004,3.5000000000000004,1.2000000000000002,55
176,Frank-Onyeka,112759,0,0,1.1,1.1,0.2,26
177,Fraser-Forster,123089,0,0,0.0,0.0,0.0,37
178,Fred,132877,4,4,1.4000000000000001,1.4000000000000001,1.8,71
179,Freddie-Woodman,20944,0,0,0.0,0.0,0.0,8
180,Gabriel-Dos-Santos,179284,5,0,2.6000000000000005,2.6000000000000005,0.8,81
181,Gabriel-Jesus,138118,8,8,10.1,9.4,5.399999999999999,104
182,Giovani-Lo-Celso,49424,0,0,0.7,0.7,0.6000000000000001,11
183,Granit-Xhaka,137116,1,2,0.9,0.9,2.2000000000000006,53
184,Grant-Hanley,137985,1,0,2.0000000000000004,2.0000000000000004,0.4,67
185,Hakim-Ziyech,133229,4,3,3.4000000000000004,3.4000000000000004,3.5,59
186,Hamza-Choudhury,26040,0,0,0.0,0.0,0.0,7
187,Hannibal-Mejbri,18791,0,0,0.1,0.1,0.0,1
188,Harrison-Ashby,4761,0,0,0.0,0.0,0.0,1
189,Harry-Kane,202933,17,9,20.099999999999998,16.999999999999996,8.899999999999999,163
190,Harry-Maguire,136106,1,0,1.5000000000000004,1.5000000000000004,0.1,51
191,Harry-Winks,100942,0,1,0.1,0.1,1.6,28
192,Harvey-Barnes,174554,6,10,6.699999999999999,6.699999999999999,3.8000000000000003,107
193,Harvey-Elliott,32949,0,0,0.9,0.9,0.4,10
194,Hassane-Kamara,91014,1,0,0.1,0.1,0.30000000000000004,36
195,Helder-Costa,3060,0,0,0.0,0.0,0.0,1
196,Hugo-Lloris,210028,0,0,0.0,0.0,0.4,74
197,Hwang-Hee-chan,165070,5,1,4.1000000000000005,4.1000000000000005,1.5,70
198,Ibrahima-Diallo,120005,0,2,0.5,0.5,0.8999999999999999,37
199,Ibrahima-Konate,54029,0,0,0.30000000000000004,0.30000000000000004,0.1,20
200,Ilkay-Gundogan,141396,8,4,8.6,8.6,4.0,89
201,Illan-Meslier,192084,0,0,0.0,0.0,0.0,73
202,Imran-Louza,98783,0,0,1.0,1.0,0.8,28
203,Isaac-Hayden,67765,1,0,0.5,0.5,0.1,24
204,Isaac-Price,4024,0,0,0.2,0.2,0.0,1
205,Ismaila-Sarr,106153,5,2,4.2,3.400000000000001,2.6,65
206,Issa-Diop,74456,0,1,0.2,0.2,0.1,27
207,Ivan-Toney,198141,12,5,11.999999999999996,8.2,5.7,120
208,Jack-Butland,35468,0,0,0.0,0.0,0.0,17
209,Jack-Cork,115186,1,0,0.7,0.7,0.1,38
210,Jack-Grealish,119098,3,3,4.8,4.8,6.199999999999998,66
211,Jack-Harrison,171309,8,1,3.900000000000001,3.900000000000001,2.5000000000000004,94
212,Jack-Stephens,52876,0,0,0.0,0.0,0.30000000000000004,16
213,Jacob-Murphy,172633,1,2,3.000000000000001,3.000000000000001,2.1,53
214,Jacob-Ramsey,196248,6,1,3.7,3.7,1.7999999999999998,82
215,Jaden-Philogene-Bidace,9439,0,0,0.0,0.0,0.0,1
216,Jadon-Sancho,126108,3,3,3.200000000000001,3.200000000000001,4.1,70
217,Jairo-Riedewald,25036,0,0,0.0,0.0,0.1,4
218,Jakob-Sorensen,47698,0,0,0.4,0.4,0.0,16
219,Jakub-Moder,137124,0,3,2.4000000000000004,2.4000000000000004,1.7000000000000002,53
220,Jamaal-Lascelles,109126,1,0,0.9,0.9,0.3,43
221,Jamal-Lewis,19760,0,0,0.0,0.0,0.0,7
222,James-Justin,68961,0,0,0.7,0.7,0.8999999999999999,23
223,James-Maddison,191344,12,8,8.1,8.1,4.8,131
224,James-McArthur,129453,0,3,0.1,0.1,1.1,41
225,James-Mcatee,4335,0,0,0.0,0.0,0.0,2
226,James-Milner,127336,0,1,0.30000000000000004,0.30000000000000004,2.1000000000000005,33
227,James-Tarkowski,189516,1,2,1.8,1.8,0.5,66
228,James-Tomkins,39823,1,0,0.5,0.5,0.4,16
229,James-Ward-Prowse,199923,10,5,5.1000000000000005,2.0,6.199999999999998,124
230,Jamie-Shackleton,50317,0,0,0.2,0.2,0.0,15
231,Jamie-Vardy,129435,15,2,9.4,9.4,1.6000000000000003,106
232,Jan-Bednarek,186715,4,0,2.3000000000000003,2.3000000000000003,0.5,63
233,Jannik-Vestergaard,47891,0,0,0.1,0.1,0.0,14
234,Japhet-Tanganga,58651,0,0,0.4,0.4,0.4,14
235,Jarrad-Branthwaite,28099,1,0,0.5,0.5,0.0,13
236,Jarrod-Bowen,205440,12,10,11.5,11.5,5.8,141
237,Jason-Steele,8464,0,0,0.0,0.0,0.0,2
238,Javier-Manquillo,87839,1,2,0.5,0.5,0.3,37
239,Jay-Rodriguez,158420,2,2,4.7,4.7,1.8000000000000003,53
240,Jean-Philippe-Gbamin,20442,0,0,0.0,0.0,0.0,3
241,Jean-Philippe-Mateta,134612,5,1,5.499999999999999,5.499999999999999,1.5000000000000002,55
242,Jed-Steer,3918,0,0,0.0,0.0,0.0,2
243,Jeff-Hendrick,11053,1,0,0.0,0.0,0.0,7
244,Jeffrey-Schlupp,200750,4,1,3.1,3.1,1.7,69
245,Jeremy-Ngakia,92438,0,0,0.0,0.0,0.5,25
246,Jeremy-Sarmiento,24829,0,0,0.0,0.0,0.0,5
247,Jesse-Lingard,80873,2,0,0.5,0.5,0.4,26
248,Jesuran-Rak-Sakyi,19004,0,0,0.0,0.0,0.0,3
249,Joachim-Andersen,198253,0,3,0.4,0.4,2.0,69
250,Joao-Cancelo,172725,1,7,3.6000000000000005,3.6000000000000005,4.999999999999998,90
251,Joao-Moutinho,195292,2,1,0.8999999999999999,0.8999999999999999,2.4000000000000004,75
252,Joao-Pedro,139461,3,1,4.0,4.0,2.6000000000000005,56
253,Joe-Gelhardt,98009,2,2,3.1,3.1,1.4,34
254,Joe-Gomez,40425,0,1,0.0,0.0,0.5,12
255,Joe-Rodon,17468,0,0,0.0,0.0,0.0,4
256,Joe-Willock,151069,2,0,3.6000000000000005,3.6000000000000005,1.2,59
257,Joel-Matip,157506,3,3,3.0000000000000004,3.0000000000000004,1.0,81
258,Joel-Veltman,149853,1,1,0.7999999999999999,0.7999999999999999,1.0,67
259,Joel-Ward,169020,0,0,0.4,0.4,0.5,47
260,Joelinton,178082,4,1,4.0,4.0,1.8,73
261,Johann-Berg-Gudmundsson,82979,0,1,1.7,1.7,0.2,30
262,John-McGinn,200480,3,4,1.2,1.2,4.5,85
263,John-Ruddy,152,0,0,0.0,0.0,0.0,3
264,John-Stones,69199,1,0,0.9,0.9,0.0,30
265,Jon-Rowe,55330,0,1,0.4,0.4,0.30000000000000004,16
266,Jonas-Lossl,9628,0,0,0.0,0.0,0.0,4
267,Jonjo-Shelvey,129979,2,1,0.8,0.8,0.7,50
268,Jonjoe-Kenny,80333,0,1,0.2,0.2,0.5,26
269,Jonny-Castro,59186,2,0,0.7999999999999999,0.7999999999999999,1.2000000000000002,31
270,Jonny-Evans,100119,1,1,0.8,0.8,0.5,36
271,Jordan-Ayew,179275,3,3,3.5000000000000004,3.5000000000000004,2.5000000000000004,71
272,Jordan-Henderson,179177,2,5,1.5000000000000002,1.5000000000000002,3.600000000000001,84
273,Jordan-Pickford,184604,0,0,0.0,0.0,0.0,68
274,Jorginho,135685,6,2,5.8,0.4,2.5,77
275,Jose-Sa,220101,0,1,0.0,0.0,1.0,71
276,Josh-Brownhill,186252,2,3,1.2000000000000002,1.2000000000000002,2.4000000000000004,75
277,Josh-Dasilva,49169,0,0,0.0,0.0,0.1,10
278,Josh-Sargent,124279,2,1,2.9000000000000004,2.9000000000000004,0.7,54
279,Joshua-King,156115,5,3,8.0,7.300000000000001,3.1000000000000005,79
280,Juan-Mata,28850,0,0,0.4,0.4,0.2,9
281,Junior-Firpo,116507,0,2,0.8999999999999999,0.8999999999999999,2.3,34
282,Juraj-Kucka,127754,1,1,3.1000000000000005,3.1000000000000005,0.8,47
283,Jurgen-Locadia,2819,0,0,0.1,0.1,0.0,1
284,Kai-Havertz,150634,8,3,9.7,9.7,2.0,86
285,Kaide-Gordon,8883,0,0,0.4,0.4,0.0,1
286,Kalvin-Phillips,105793,0,1,0.7,0.7,0.1,35
287,Karl-Darlow,31447,0,0,0.0,0.0,0.0,15
288,Kasey-McAteer,1030,0,0,0.0,0.0,0.0,1
289,Kasper-Schmeichel,195495,0,0,0.0,0.0,0.0,72
290,Kayky-Chagas,851,0,0,0.0,0.0,0.0,1
291,Keinan-Davis,1702,0,0,0.0,0.0,0.0,1
292,Kelechi-Iheanacho,134694,4,5,3.1000000000000005,3.1000000000000005,2.7,67
293,Ken-Sema,73880,0,0,0.1,0.1,1.1,24
294,Kenedy,5791,0,1,0.1,0.1,0.9,4
295,Kenny-McLean,133903,1,0,1.9000000000000001,1.9000000000000001,0.7999999999999999,62
296,Kepa-Arrizabalaga,25298,0,0,0.0,0.0,0.0,8
297,Kevin-De-Bruyne,148333,15,8,6.3,6.3,9.3,135
298,Kevin-Long,42084,0,0,0.1,0.1,0.0,9
299,Ki-Jana-Hoever,59889,0,0,0.0,0.0,0.0,10
300,Kieran-Dowell,76652,1,1,1.1,1.1,1.9000000000000001,37
301,Kieran-Tierney,103759,1,3,0.6,0.6,1.9,57
302,Kieran-Trippier,24602,2,0,0.1,0.1,0.4,18
303,Kiernan-Dewsbury-Hall,152969,1,3,1.2,1.2,3.200000000000001,60
304,Kiko-Femenia,122089,0,5,0.0,0.0,3.1,62
305,Kortney-Hause,43780,1,0,0.1,0.1,0.0,15
306,Kostas-Tsimikas,61726,0,2,0.4,0.4,2.5000000000000004,25
307,Kristoffer-Ajer,148955,1,3,0.8,0.8,1.4000000000000001,54
308,Kristoffer-Klaesson,1492,0,0,0.0,0.0,0.0,1
309,Kurt-Zouma,129473,1,0,1.0,1.0,0.0,48
310,Kyle-Walker,82168,0,2,0.2,0.2,1.2,44
311,Kyle-Walker-Peters,175983,1,2,0.8,0.8,2.6000000000000005,66
312,Leander-Dendoncker,183896,2,2,2.5000000000000004,2.5000000000000004,0.8,61
313,Leandro-Trossard,147355,8,3,6.599999999999999,5.799999999999999,3.900000000000001,103
314,Leo-Fuhr-Hjelde,10278,0,0,0.0,0.0,0.0,4
315,Leon-Bailey,82896,1,2,1.6000000000000003,1.6000000000000003,0.6,30
316,Lewis-Bate,18481,0,0,0.0,0.0,0.0,3
317,Lewis-Brunt,1650,0,0,0.0,0.0,0.0,1
318,Lewis-Dobbin,9079,0,0,0.0,0.0,0.0,2
319,Lewis-Dunk,138769,1,0,1.1,1.1,0.2,58
320,Liam-Cooper,109578,0,1,0.2,0.2,0.0,39
321,Liam-Delap,848,0,0,0.0,0.0,0.0,1
322,Liam-McCarron,9768,0,0,0.0,0.0,0.0,1
323,Lucas-Digne,147071,0,4,0.8999999999999999,0.8999999999999999,3.6000000000000005,60
324,Lucas-Moura,184823,2,6,3.6000000000000005,3.6000000000000005,4.5,73
325,Luis-Diaz,70098,4,3,4.4,4.4,1.7,48
326,Luka-Milivojevic,94895,0,0,0.2,0.2,0.8,18
327,Lukas-Rupp,77994,0,0,0.6000000000000001,0.6000000000000001,1.2000000000000002,23
328,Lukasz-Fabianski,210832,0,0,0.0,0.0,0.0,72
329,Luke-Ayling,130059,2,2,1.5000000000000004,1.5000000000000004,0.7,61
330,Luke-Cundle,32472,0,0,0.0,0.0,0.2,6
331,Luke-Shaw,94190,0,3,0.1,0.1,3.3,38
332,Luke-Thomas,119122,0,1,0.2,0.2,1.4,44
333,Lyanco,81602,0,0,0.1,0.1,0.1,22
334,Mads-Bech-Sorensen,62426,0,0,0.0,0.0,0.4,17
335,Mads-Bidstrup,22476,0,0,0.0,0.0,0.0,4
336,Mads-Roerslev,99757,1,1,0.30000000000000004,0.30000000000000004,0.9,39
337,Malang-Sarr,50972,0,0,0.0,0.0,0.3,12
338,Manuel-Lanzini,179934,5,3,3.5,1.2000000000000002,2.1,75
339,Marc-Albrighton,91802,1,2,0.5,0.5,1.5999999999999999,35
340,Marc-Cucurella,161674,1,1,0.5,0.5,2.700000000000001,71
341,Marc-Guehi,212923,2,1,1.8000000000000003,1.8000000000000003,0.4,79
342,Marcos-Alonso,157015,4,4,3.1,3.1,4.7,72
343,Marcus-Forss,45324,0,1,0.2,0.2,0.0,11
344,Marcus-Rashford,109313,4,2,2.4,2.4,2.0,57
345,Mark-Noble,70117,1,0,1.6,0.0,0.2,16
346,Martin-Dubravka,144786,0,0,0.0,0.0,0.0,51
347,Martin-Odegaard,183202,7,4,4.8999999999999995,4.8999999999999995,6.999999999999999,104
348,Martinelli,154043,6,6,7.299999999999999,6.599999999999999,3.5000000000000004,89
349,Marvelous-Nakamba,88205,0,0,0.0,0.0,0.0,20
350,Mason-Greenwood,65630,5,1,4.200000000000001,4.200000000000001,1.6,53
351,Mason-Holgate,139626,2,1,1.0,1.0,0.1,51
352,Mason-Mount,189945,11,10,9.099999999999998,8.299999999999999,6.6,128
353,Matej-Vydra,110841,2,3,2.8,2.8,0.6000000000000001,42
354,Mateo-Kovacic,143861,2,5,2.0000000000000004,2.0000000000000004,3.5000000000000004,59
355,Mateusz-Klich,165797,1,2,2.8000000000000007,2.8000000000000007,2.2,55
356,Mathias-Jensen,170641,0,1,2.3000000000000003,2.3000000000000003,3.6000000000000005,49
357,Mathias-Jorgensen,47531,1,0,0.1,0.1,0.1,15
358,Mathias-Normann,93440,1,2,0.8,0.8,1.8,44
359,Matt-Doherty,100820,2,4,2.2,2.2,1.8000000000000003,43
360,Matt-Ritchie,75758,0,2,0.30000000000000004,0.30000000000000004,1.5,34
361,Matt-Targett,198732,1,1,0.7,0.7,3.7,67
362,Matthew-Lowton,114274,1,2,0.6,0.6,1.3,52
363,Matty-Cash,219268,4,3,2.600000000000001,2.600000000000001,1.8000000000000003,93
364,Max-Aarons,150815,0,2,0.7,0.7,1.3,62
365,Max-Kilman,191797,1,0,0.9999999999999999,0.9999999999999999,0.0,61
366,Maxwel-Cornet,133849,9,1,6.599999999999999,5.799999999999999,1.5,78
367,Michael-Keane,164028,3,2,1.2,1.2,0.6,73
368,Michael-Olise,135212,2,5,1.5999999999999999,1.5999999999999999,3.4,56
369,Michail-Antonio,198656,10,8,11.1,10.8,6.7,121
370,Miguel-Almiron,168761,1,0,1.7999999999999998,1.7999999999999998,0.5,52
371,Milot-Rashica,125622,1,2,3.1000000000000014,3.1000000000000014,2.4000000000000004,65
372,Mohamed-Elneny,76985,0,2,0.0,0.0,0.4,27
373,Mohamed-Elyounoussi,167254,4,2,5.8999999999999995,5.8999999999999995,2.6000000000000005,69
374,Mohamed-Salah,178734,23,13,21.6,16.899999999999995,10.299999999999999,193
375,Mohammed-Salisu,183881,0,0,1.7000000000000002,1.7000000000000002,0.4,54
376,Moise-Kean,1508,0,0,0.0,0.0,0.0,1
377,Moises-Caicedo,39865,1,1,0.6,0.6,0.4,21
378,Morgan-Gibbs-White,10905,0,0,0.1,0.1,0.0,1
379,Morgan-Sanson,68867,0,0,0.0,0.0,0.0,13
380,Moussa-Djenepo,59403,0,0,1.5000000000000002,1.5000000000000002,0.2,12
381,Moussa-Sissoko,170805,2,1,3.3,3.3,2.6,78
382,NGolo-Kante,143392,2,4,1.8,1.8,2.2,63
383,Naby-Keita,118956,3,1,2.2,2.2,1.7000000000000002,47
384,Nampalys-Mendy,61624,0,0,0.0,0.0,0.0,22
385,Nathan-Ake,67921,2,0,1.2,1.2,0.5,30
386,Nathan-Collins,110560,2,0,1.7000000000000002,1.7000000000000002,0.9999999999999999,43
387,Nathan-Ferguson,2620,0,0,0.0,0.0,0.0,1
388,Nathan-Redmond,146959,1,5,1.8000000000000003,1.8000000000000003,4.5,65
389,Nathan-Tella,83552,0,1,0.5,0.5,0.7,25
390,Nathan-Young-Coombes,7344,0,0,0.0,0.0,0.0,1
391,Nathaniel-Clyne,94493,0,1,0.1,0.1,0.4,33
392,Neal-Maupay,160302,8,2,7.599999999999999,6.1,2.0000000000000004,84
393,Neco-Williams,2921,0,1,0.0,0.0,0.6,4
394,Nelson-Semedo,143078,0,1,1.3000000000000003,1.3000000000000003,1.1,51
395,Nemanja-Matic,100903,0,4,0.1,0.1,1.8000000000000003,47
396,Nick-Pope,189623,0,0,0.0,0.0,0.2,71
397,Nicolas-Nkoulou,18540,0,0,0.0,0.0,0.0,5
398,Nicolas-Pepe,85726,1,2,3.1,3.1,1.7000000000000002,35
399,Nikola-Vlasic,122037,1,0,1.0,1.0,0.4,28
400,Nohan-Kenneh,1493,0,0,0.0,0.0,0.0,0
401,Nuno-Tavares,117360,1,1,1.4,1.4,0.9,39
402,Odsonne-Edouard,153042,6,3,6.799999999999999,5.999999999999999,2.2,75
403,Oghenekaro-Etebo,37430,0,0,0.0,0.0,0.0,10
404,Oleksandr-Zinchenko,69378,0,4,0.4,0.4,2.0,37
405,Oliver-Skipp,97959,0,0,0.2,0.2,0.9000000000000001,26
406,Ollie-Watkins,198756,11,2,12.2,11.399999999999999,2.8000000000000007,111
407,Oriol-Romeu,202893,2,2,0.9999999999999999,0.9999999999999999,2.9000000000000004,73
408,Ozan-Kabak,48571,0,0,0.1,0.1,0.0,19
409,Ozan-Tufan,37218,0,0,0.4,0.4,0.2,10
410,Pablo-Fornals,205676,6,3,4.8999999999999995,4.8999999999999995,5.799999999999999,95
411,Pablo-Mari,10908,0,0,0.3,0.3,0.1,3
412,Pascal-Gross,146385,2,4,2.500000000000001,1.7000000000000004,5.299999999999999,68
413,Pascal-Struijk,142850,1,0,1.3,1.3,0.30000000000000004,48
414,Patrick-Bamford,37323,2,2,3.9000000000000004,3.9000000000000004,1.0,26
415,Patson-Daka,126804,5,3,4.6,4.6,1.9000000000000004,62
416,Paul-Dummett,8588,0,0,0.0,0.0,0.0,3
417,Paul-Pogba,98909,1,9,2.4000000000000004,2.4000000000000004,3.5000000000000004,59
418,Pedro-Neto,64291,1,1,1.3000000000000003,1.3000000000000003,1.1,21
419,Phil-Foden,127263,9,5,8.899999999999999,8.899999999999999,6.6,101
420,Phil-Jones,24239,0,0,0.0,0.0,0.0,5
421,Philippe-Coutinho,108374,5,3,3.9000000000000004,3.9000000000000004,3.0,64
422,Pierre-Emerick-Aubameyang,63287,4,1,5.8,4.2,0.7,37
423,Pierre-Hojbjerg,196261,2,2,1.9000000000000006,1.9000000000000006,2.5000000000000004,82
424,Pierre-Lees-Melou,147478,1,0,1.5999999999999999,1.5999999999999999,1.6,56
425,Pontus-Jansson,212076,3,1,2.9000000000000004,2.9000000000000004,0.4,82
426,Przemyslaw-Placheta,55088,0,0,0.4,0.4,0.7,17
427,Raheem-Sterling,144041,13,5,14.099999999999998,11.699999999999998,4.500000000000001,116
428,Raphael-Dias-Belloli,181509,11,3,11.099999999999998,8.000000000000002,6.799999999999998,112
429,Raphael-Varane,105421,1,1,0.7,0.7,0.2,49
430,Raul-Jimenez,193855,6,4,6.499999999999999,6.0,2.500000000000001,89
431,Rayan-Ait-Nouri,116960,1,2,0.6,0.6,1.3000000000000003,49
432,Reece-James,148912,5,9,2.7,2.7,5.699999999999999,86
433,Reiss-Nelson,10144,0,0,0.0,0.0,0.0,1
434,Ricardo-Pereira,81931,1,3,0.7000000000000001,0.7000000000000001,1.2000000000000002,34
435,Richarlison,170103,10,5,10.1,7.800000000000001,2.4000000000000004,103
436,Rico-Henry,189546,3,0,1.7,1.7,1.6,75
437,Riyad-Mahrez,126269,11,5,10.1,6.2,3.4000000000000004,99
438,Rob-Holding,81612,1,0,0.30000000000000004,0.30000000000000004,0.0,23
439,Robert-Sanchez,169215,0,0,0.0,0.0,0.4,71
440,Roberto-Firmino,93364,5,4,4.999999999999999,4.999999999999999,2.3000000000000003,57
441,Robin-Koch,110804,0,0,0.6000000000000001,0.6000000000000001,0.4,33
442,Robin-Olsen,5011,0,0,0.0,0.0,0.0,2
443,Rodri,153276,7,2,2.600000000000001,2.600000000000001,1.3000000000000003,94
444,Rodrigo,164472,6,1,4.8999999999999995,4.2,4.499999999999999,71
445,Rodrigo-Bentancur,97958,0,4,0.8999999999999999,0.8999999999999999,2.4000000000000004,39
446,Romain-Perraud,127313,0,1,0.9000000000000001,0.9000000000000001,0.5,37
447,Romain-Saiss,181557,2,0,2.6000000000000005,2.6000000000000005,0.30000000000000004,63
448,Romelu-Lukaku,132547,8,0,6.799999999999999,6.1,3.0,72
449,Ross-Barkley,25612,1,0,1.2000000000000002,1.2000000000000002,0.6,11
450,Ruben-Dias,131408,2,4,2.2000000000000006,2.2000000000000006,2.6,70
451,Ruben-Loftus-Cheek,131536,0,2,1.3000000000000003,1.3000000000000003,1.9000000000000001,43
452,Ruben-Neves,183760,4,2,1.0999999999999999,1.0999999999999999,1.8000000000000003,75
453,Ryan-Bertrand,15915,0,0,0.0,0.0,0.30000000000000004,7
454,Ryan-Fraser,137969,2,3,2.8000000000000007,2.8000000000000007,2.2,57
455,Ryan-Fredericks,44582,0,0,0.0,0.0,0.1,8
456,Ryan-Sessegnon,84180,0,2,0.30000000000000004,0.30000000000000004,3.0,30
457,Sadio-Mane,168581,16,2,16.499999999999996,16.499999999999996,4.400000000000001,130
458,Said-Benrahma,185586,8,6,5.3,5.3,3.1000000000000005,106
459,Salomon-Rondon,104178,1,1,2.1999999999999997,2.1999999999999997,0.7000000000000001,30
460,Sam-Byram,54495,0,0,0.9000000000000001,0.9000000000000001,0.2,22
461,Sam-Greenwood,37928,0,2,0.4,0.4,0.7999999999999999,15
462,Saman-Ghoddos,89653,1,1,0.7000000000000001,0.7000000000000001,1.2000000000000002,25
463,Samir-Santos,89971,0,0,0.4,0.4,0.1,34
464,Samuel-Kalu,18912,0,0,0.30000000000000004,0.30000000000000004,0.2,6
465,Saul-Niguez,65401,0,0,0.2,0.2,0.30000000000000004,12
466,Scott-McTominay,134659,1,1,1.7000000000000002,1.7000000000000002,1.6000000000000005,54
467,Sead-Kolasinac,14340,0,0,0.0,0.0,0.0,2
468,Seamus-Coleman,170016,1,0,0.7,0.7,0.9,57
469,Sean-Longstaff,124560,1,1,0.9999999999999999,0.9999999999999999,0.7,44
470,Sergi-Canos,190556,3,2,3.200000000000001,3.200000000000001,1.9000000000000001,63
471,Sergio-Reguilon,132049,2,3,3.1,3.1,3.7000000000000006,59
472,Shandon-Baptiste,124044,1,1,0.6000000000000001,0.6000000000000001,0.5,34
473,Shane-Duffy,85662,1,0,1.2999999999999998,1.2999999999999998,0.2,30
474,Shane-Long,82375,1,0,1.0000000000000002,1.0000000000000002,0.1,19
475,Shola-Shoretire,8541,0,0,0.0,0.0,0.0,1
476,Solly-March,143531,0,2,1.4000000000000004,1.4000000000000004,2.8000000000000007,54
477,Son-Heung-min,194204,23,7,16.299999999999997,16.299999999999997,8.2,181
478,Sonny-Perkins,5935,0,0,0.0,0.0,0.0,1
479,Steven-Alzate,56482,0,0,0.1,0.1,0.2,13
480,Steven-Bergwijn,156932,3,1,3.1000000000000005,3.1000000000000005,0.6,43
481,Stuart-Armstrong,153383,2,0,2.6,2.6,1.3,46
482,Stuart-Dallas,168664,1,1,1.9000000000000001,1.9000000000000001,2.4000000000000004,68
483,Stuart-McKinstry,1149,0,0,0.0,0.0,0.0,1
484,Takehiro-Tomiyasu,111990,0,1,0.8,0.8,0.4,41
485,Takumi-Minamino,68381,3,0,1.8,1.8,0.5,23
486,Tanguy-Ndombele,46550,1,1,0.4,0.4,0.30000000000000004,21
487,Tariq-Lamptey,139180,0,2,0.6,0.6,2.2,47
488,Tariqe-Fosu,493,0,0,0.0,0.0,0.0,1
489,Taylor-Richards,6338,0,0,0.0,0.0,0.0,2
490,Teemu-Pukki,157628,11,3,11.5,9.200000000000003,2.8000000000000003,123
491,Theo-Walcott,33167,0,0,0.7,0.7,0.0,12
492,Thiago-Alcantara,126175,1,4,1.6,1.6,2.1000000000000005,54
493,Thiago-Silva,171556,3,0,0.8999999999999999,0.8999999999999999,0.1,70
494,Thomas-Partey,117941,2,1,2.6000000000000005,2.6000000000000005,1.3000000000000003,52
495,Tim-Iroegbunam,18441,0,0,0.1,0.1,0.0,3
496,Tim-Krul,129800,0,0,0.0,0.0,0.4,55
497,Timo-Werner,116511,4,1,7.599999999999999,7.599999999999999,0.30000000000000004,54
498,Timothy-Castagne,127890,1,0,0.7,0.7,1.3,53
499,Todd-Cantwell,33327,0,0,0.2,0.2,0.2,10
500,Tom-Cleverley,128815,0,2,0.8999999999999999,0.8999999999999999,1.9000000000000004,46
501,Tom-Davies,24270,1,0,0.9,0.9,0.0,11
502,Tomas-Soucek,200187,5,1,4.6,4.3,1.4000000000000001,89
503,Tony-Springett,13555,0,0,0.3,0.3,0.4,3
504,Toti-Gomes,16089,0,0,0.1,0.1,0.0,7
505,Trent-Alexander-Arnold,164561,2,12,2.6000000000000005,2.6000000000000005,11.099999999999996,106
506,Trevoh-Chalobah,117850,3,1,1.0,1.0,0.2,47
507,Trezeguet,6687,0,0,0.1,0.1,0.0,1
508,Troy-Deeney,8953,0,0,0.4,0.4,0.1,2
509,Tyler-Morton,9077,0,0,0.0,0.0,0.0,1
510,Tyler-Onyango,10529,0,0,0.0,0.0,0.0,3
511,Tyler-Roberts,102504,1,1,2.4000000000000004,2.4000000000000004,1.2000000000000002,31
512,Tyrick-Mitchell,206929,0,2,0.5,0.5,1.3000000000000003,75
513,Tyrone-Mings,208773,1,3,1.4,1.4,1.5000000000000004,73
514,Valentino-Livramento,145009,1,1,1.0,1.0,2.1,57
515,Vicente-Guaita,189264,0,0,0.0,0.0,0.0,57
516,Victor-Lindelof,126997,0,2,0.30000000000000004,0.30000000000000004,0.4,56
517,Virgil-van-Dijk,188141,3,1,2.500000000000001,2.500000000000001,0.30000000000000004,80
518,Vitaliy-Mykolenko,79472,1,0,0.6,0.6,0.7,28
519,Vitaly-Janelt,176736,4,0,2.4,2.4,2.1,69
520,Vladimir-Coufal,158311,0,4,0.5,0.5,2.5000000000000004,58
521,Wayne-Hennessey,12309,0,0,0.0,0.0,0.1,4
522,Wesley-Fofana,40771,0,0,0.2,0.2,0.0,12
523,Wesley-Moraes,9436,0,0,0.0,0.0,0.0,1
524,Wilfred-Ndidi,112409,0,0,0.9999999999999999,0.9999999999999999,0.0,33
525,Wilfried-Zaha,197608,14,1,9.199999999999996,3.800000000000001,4.6000000000000005,112
526,Will-Hughes,97376,0,1,0.2,0.2,0.6,25
527,William-Smallbone,19496,0,0,0.1,0.1,0.1,5
528,William-Troost-Ekong,76129,0,0,0.1,0.1,0.1,29
529,Willy-Boly,42838,0,0,0.2,0.2,0.1,19
530,Willy-Caballero,4633,0,0,0.0,0.0,0.0,3
531,Wout-Weghorst,118578,2,3,4.2,4.2,1.5,49
532,Yan-Valery,35970,0,0,0.0,0.0,0.1,8
533,Yerry-Mina,52249,0,0,0.30000000000000004,0.30000000000000004,0.0,18
534,Yoane-Wissa,169371,7,1,3.7,3.7,0.6000000000000001,73
535,Youri-Tielemans,166702,6,4,4.5,3.0000000000000004,4.899999999999999,94
536,Yves-Bissouma,107501,1,2,0.7,0.7,0.7000000000000001,49
537,Zack-Steffen,789,0,0,0.0,0.0,0.0,2
